founder	lambda	veto	set	kept	TP	FP	recall	precision	TP_lost_vs_none	FP_removed_vs_none	eq8_own_loss
TIL18	-	none	crisp	329170	241115	88055	1.0000	0.7325	0	0	-
TIL18	-	none	tierA	266322	196826	69496	1.0000	0.7391	0	0	-
TIL18	-	witness27x	crisp	225906	165265	60641	0.6854	0.7316	75850	27414	-
TIL18	-	witness27x	tierA	182838	134098	48740	0.6813	0.7334	62728	20756	-
TIL18	0.05	own	crisp	14931	11188	3743	0.0464	0.7493	229927	84312	0.9405
TIL18	0.05	own	tierA	12509	9351	3158	0.0475	0.7475	187475	66338	0.9405
TIL18	0.05	population	crisp	20498	15444	5054	0.0641	0.7534	225671	83001	-
TIL18	0.05	population	tierA	17047	12778	4269	0.0649	0.7496	184048	65227	-
TIL18	0.4	own	crisp	92588	69354	23234	0.2876	0.7491	171761	64821	0.6501
TIL18	0.4	own	tierA	76754	57418	19336	0.2917	0.7481	139408	50160	0.6501
TIL18	0.4	population	crisp	111401	83511	27890	0.3464	0.7496	157604	60165	-
TIL18	0.4	population	tierA	91804	68752	23052	0.3493	0.7489	128074	46444	-
TIL18	0.8	own	crisp	143157	106904	36253	0.4434	0.7468	134211	51802	0.4739
TIL18	0.8	own	tierA	118352	88079	30273	0.4475	0.7442	108747	39223	0.4739
TIL18	0.8	population	crisp	160722	119842	40880	0.4970	0.7456	121273	47175	-
TIL18	0.8	population	tierA	132068	98268	33800	0.4993	0.7441	98558	35696	-
Gigi	-	none	crisp	399525	269436	130089	1.0000	0.6744	0	0	-
Gigi	-	none	tierA	324937	221441	103496	1.0000	0.6815	0	0	-
Gigi	-	witness27x	crisp	267999	182992	85007	0.6792	0.6828	86444	45082	-
Gigi	-	witness27x	tierA	218438	149112	69326	0.6734	0.6826	72329	34170	-
Gigi	0.05	own	crisp	19075	13418	5657	0.0498	0.7034	256018	124432	0.9405
Gigi	0.05	own	tierA	15835	11101	4734	0.0501	0.7010	210340	98762	0.9405
Gigi	0.05	population	crisp	23919	16890	7029	0.0627	0.7061	252546	123060	-
Gigi	0.05	population	tierA	19872	13947	5925	0.0630	0.7018	207494	97571	-
Gigi	0.4	own	crisp	110628	76819	33809	0.2851	0.6944	192617	96280	0.6501
Gigi	0.4	own	tierA	92366	63741	28625	0.2878	0.6901	157700	74871	0.6501
Gigi	0.4	population	crisp	128339	89610	38729	0.3326	0.6982	179826	91360	-
Gigi	0.4	population	tierA	106826	74157	32669	0.3349	0.6942	147284	70827	-
Gigi	0.8	own	crisp	169859	117271	52588	0.4352	0.6904	152165	77501	0.4739
Gigi	0.8	own	tierA	141493	97147	44346	0.4387	0.6866	124294	59150	0.4739
Gigi	0.8	population	crisp	186602	129408	57194	0.4803	0.6935	140028	72895	-
Gigi	0.8	population	tierA	154830	106817	48013	0.4824	0.6899	114624	55483	-
