donor	L	cov	loss
Zd.0010_P2	49	20.7485908802184	0.110915817727388
Zx.0580_P3	50	20.4333030580204	0.112502822390792
Zl.0020_P3	38	21.1467376826012	0.118073508409235
Zx.0580_P2	50	19.6597102101378	0.121544947891677
Zd.0030_P2	64	18.43716117663	0.128965655467586
Zd.0040_P1	38	16.0669550245675	0.181126994942598
Zx.0570_P2	44	15.620686	0.182684809641715
Zx.0550_P4	43	13.7607046958472	0.21833855222356
Zv.0490_P4	30	13.7055609649396	0.249485863000329
Zv.0480_P2	29	12.625029751433	0.265375331849831
Zd.0010_P3	38	12.0797907059438	0.265953966002105
Zv.0480_P3	26	12.8345733207692	0.270055715983958
Zx.0540_P3	40	11.228755	0.284879823716901
Zv.0040_P3	24	11.8645857005831	0.2968908079171
Zd.0020_P3	41	10.7398367776773	0.303311700738542
Zx.0560_P4	30	10.7047733115871	0.3145210818215
Zh.0030_P4	35	9.79680619509748	0.336737332368941
Zv.0420_P3	19	10.8880182283193	0.339617815030325
Zv.0430_P3	19	10.7801646226073	0.343840593829888
Zx.0440_P2	21	10.6718129668742	0.345211055154096
Zl.0040_P4	31	9.39934171859838	0.36226184258463
Zx.0560_P2	22	9.37800891177715	0.370188848218507
Zv.0470_P2	22	9.36251769653932	0.371316268438702
Zv.0280_P1	24	8.92285572151267	0.389081108018033
Zx.0500_P2	22	8.61785679278668	0.401135519452621
Zx.0190_P2	17	8.99583314237968	0.405409520293549
Zx.0090_P2	23	8.29717408714556	0.408178115020316
Zl.0010_P1	17	8.84838535733677	0.409202876409742
Zv.0080_P2	15	8.72033667926532	0.416930516577467
Zv.0250_P3	16	8.51665355557877	0.421184983810029
Zv.0230_P1	16	8.50187634863861	0.421664245506591
Zh.0020_P3	26	7.60419860021612	0.427567774115758
Zv.0120_P2	14	8.41371195305875	0.432264438907185
Zl.0050_P1	25	7.40835773807433	0.438810996920772
Zv.0250_P2	15	7.98558199191544	0.444307233638107
Zx.0220_P2	17	7.60152920896491	0.452366479376781
Zv.0410_P2	14	7.6862447086525	0.459296250222442
Zv.0440_P4	14	7.55075475171527	0.463842417598348
Zx.0150_P2	21	7.11496182072562	0.463959948413825
Zv.0070_P4	14	7.30173282764211	0.475673928417668
Zx.0030_P2	18	6.77586721343279	0.480833464360125
Zx.0160_P2	17	6.47306784434893	0.499515314655339
Zx.0520_P4	13	6.73692623256486	0.502407627930351
Zv.0260_P2	23	6.10817067643074	0.505635673871028
Zv.0030_P1	13	6.48145644036445	0.516150233607243
Zx.0440_P1	16	6.14590443428521	0.519516592363909
Zx.0520_P2	13	6.21688513092248	0.52499166766236
Zv.0290_P2	13	5.73295027015982	0.548522882041179
Zx.0470_P2	13	5.63811604071016	0.550022592075059
Zx.0410_P2	14	5.5572426277877	0.550273491944234
Zv.0150_P4	12	5.70867963829212	0.551073578950959
Zx.0010_P4	12	5.78195165186397	0.552186809336862
Zx.0490_P4	13	5.60217589173211	0.5529939945508
Zv.0200_P3	11	5.70452413778649	0.558617487229775
Zx.0350_P1	12	5.47039594545842	0.562861885326222
Zx.0080_P1	12	5.37064269218082	0.569603777487339
Zx.0100_P4	14	5.2023853421545	0.569913280837172
Zv.0370_P3	16	5.13411619134222	0.57163194602828
Zx.0400_P1	11	5.29396870385108	0.576991680610696
Zx.0370_P2	14	5.03981643450898	0.580375492768325
Zd.0020_P2	26	4.5448996573651	0.589594151627273
Zx.0140_P2	12	4.86682481578657	0.595111967905731
Zv.0300_P1	21	4.5166262268514	0.596900054789366
Zx.0340_P2	13	4.76004097605243	0.599285705629455
Zv.0160_P4	12	4.78193696576215	0.601629313327187
Zx.0510_P1	11	4.76936241661757	0.603682869789981
Zv.0210_P1	14	4.47239105852992	0.615752874896081
Zv.0270_P2	16	4.40775258054086	0.624352069757609
Zv.0340_P1	12	4.33122233841726	0.624959864149092
Zx.0380_P2	10	4.35548401308369	0.630080437428296
Zx.0550_P1	13	4.1675529521684	0.630619561999303
Zv.0240_P2	18	4.02162540357162	0.638685924984237
Zx.0130_P1	10	4.25867397757758	0.641527991886074
Zx.0390_P2	10	4.04886431912015	0.648214864855332
Zx.0360_P2	9	4.03277752788595	0.654913152635126
Zx.0430_P1	8	3.86134329935864	0.668827519072203
Zx.0020_P3	9	3.68714558583215	0.674508602383886
Zv.0280_P3	12	3.72771768649727	0.678466223467764
Zv.0050_P1	11	3.47973811739204	0.683735483254507
Zx.0450_P1	8	3.5939804668548	0.68427428400762
Zv.0060_P4	9	3.50684368127584	0.688865250678391
Zv.0190_P3	9	3.26273210632366	0.702789206052079
Zv.0220_P3	14	3.06383198732887	0.706517962921782
Zl.0030_P2	10	2.66593663230168	0.74186813712633
Zv.0110_P1	5	2.96720389620528	0.74354873623261
Zv.0010_P3	9	2.67128165934566	0.744246247804122
Zx.0430_P3	6	2.75816866343008	0.747888660604126
Zv.0340_P2	7	2.55014724715511	0.761749810007531
Zx.0480_P1	5	2.49776930236347	0.77414324291934
Zv.0100_P3	10	2.21318007699817	0.782869012311372
Zv.0390_P2	10	1.99401890261505	0.79385267082069
Zv.0140_P3	9	1.75726129480845	0.815844889532893
Zx.0040_P1	4	1.85162746277199	0.823658449567214
Zv.0310_P3	9	1.44977393888609	0.844543350206395
Zx.0480_P2	2	0.876416404120847	0.911305413416575
Zx.0390_P1	1	0.406014778429103	0.957320343945063
