"sample_id","fastq_1","fastq_2","source","library","lanes","kit"
"S_2A_3","/rsstu/users/r/rrellan/BZea/ZEAL/demultiplex/bc1/S_2A_3_R1.fastq.gz","/rsstu/users/r/rrellan/BZea/ZEAL/demultiplex/bc1/S_2A_3_R2.fastq.gz","bc1","2A","BC1_2A_WKDL260013253-1A_255F7MLT4_L5,BC1_2A_WKDL260013253-1A_255F7MLT4_L6,BC1_2A_WKDL260013253-1A_255F7MLT4_L7","twist_flexprep"
"S_2A_11","/rsstu/users/r/rrellan/BZea/ZEAL/demultiplex/bc1/S_2A_11_R1.fastq.gz","/rsstu/users/r/rrellan/BZea/ZEAL/demultiplex/bc1/S_2A_11_R2.fastq.gz","bc1","2A","BC1_2A_WKDL260013253-1A_255F7MLT4_L5,BC1_2A_WKDL260013253-1A_255F7MLT4_L6,BC1_2A_WKDL260013253-1A_255F7MLT4_L7","twist_flexprep"
"S_2B_8","/rsstu/users/r/rrellan/BZea/ZEAL/demultiplex/bc1/S_2B_8_R1.fastq.gz","/rsstu/users/r/rrellan/BZea/ZEAL/demultiplex/bc1/S_2B_8_R2.fastq.gz","bc1","2B","BC1_2B_WKDL260013254-1A_255F7MLT4_L5,BC1_2B_WKDL260013254-1A_255F7MLT4_L6,BC1_2B_WKDL260013254-1A_255F7MLT4_L7","twist_flexprep"
"S_2F_1","/rsstu/users/r/rrellan/BZea/ZEAL/demultiplex/bc1/S_2F_1_R1.fastq.gz","/rsstu/users/r/rrellan/BZea/ZEAL/demultiplex/bc1/S_2F_1_R2.fastq.gz","bc1","2F","BC1_2F_WKDL260013258-1A_255F7MLT4_L5,BC1_2F_WKDL260013258-1A_255F7MLT4_L6,BC1_2F_WKDL260013258-1A_255F7MLT4_L7","twist_flexprep"
"S_2F_12","/rsstu/users/r/rrellan/BZea/ZEAL/demultiplex/bc1/S_2F_12_R1.fastq.gz","/rsstu/users/r/rrellan/BZea/ZEAL/demultiplex/bc1/S_2F_12_R2.fastq.gz","bc1","2F","BC1_2F_WKDL260013258-1A_255F7MLT4_L5,BC1_2F_WKDL260013258-1A_255F7MLT4_L6,BC1_2F_WKDL260013258-1A_255F7MLT4_L7","twist_flexprep"
"S_2H_1","/rsstu/users/r/rrellan/BZea/ZEAL/demultiplex/bc1/S_2H_1_R1.fastq.gz","/rsstu/users/r/rrellan/BZea/ZEAL/demultiplex/bc1/S_2H_1_R2.fastq.gz","bc1","2H","BC1_2H_WKDL260013260-1A_255F7MLT4_L5,BC1_2H_WKDL260013260-1A_255F7MLT4_L6,BC1_2H_WKDL260013260-1A_255F7MLT4_L7","twist_flexprep"
"S_3B_11","/rsstu/users/r/rrellan/BZea/ZEAL/demultiplex/bc1/S_3B_11_R1.fastq.gz","/rsstu/users/r/rrellan/BZea/ZEAL/demultiplex/bc1/S_3B_11_R2.fastq.gz","bc1","3B","BC1_3B_WKDL260013262-1A_255F7MLT4_L1,BC1_3B_WKDL260013262-1A_255F7MLT4_L2,BC1_3B_WKDL260013262-1A_255F7MLT4_L3,BC1_3B_WKDL260013262-1A_255F7MLT4_L4","twist_flexprep"
"S_3C_9","/rsstu/users/r/rrellan/BZea/ZEAL/demultiplex/bc1/S_3C_9_R1.fastq.gz","/rsstu/users/r/rrellan/BZea/ZEAL/demultiplex/bc1/S_3C_9_R2.fastq.gz","bc1","3C","BC1_3C_WKDL260013263-1A_255F7MLT4_L1,BC1_3C_WKDL260013263-1A_255F7MLT4_L2,BC1_3C_WKDL260013263-1A_255F7MLT4_L3,BC1_3C_WKDL260013263-1A_255F7MLT4_L4","twist_flexprep"
"S_3D_8","/rsstu/users/r/rrellan/BZea/ZEAL/demultiplex/bc1/S_3D_8_R1.fastq.gz","/rsstu/users/r/rrellan/BZea/ZEAL/demultiplex/bc1/S_3D_8_R2.fastq.gz","bc1","3D","BC1_3D_WKDL260013264-1A_255F7MLT4_L1,BC1_3D_WKDL260013264-1A_255F7MLT4_L2,BC1_3D_WKDL260013264-1A_255F7MLT4_L3,BC1_3D_WKDL260013264-1A_255F7MLT4_L4","twist_flexprep"
"S_3E_7","/rsstu/users/r/rrellan/BZea/ZEAL/demultiplex/bc1/S_3E_7_R1.fastq.gz","/rsstu/users/r/rrellan/BZea/ZEAL/demultiplex/bc1/S_3E_7_R2.fastq.gz","bc1","3E","BC1_3E_WKDL260013265-1A_255F7MLT4_L1,BC1_3E_WKDL260013265-1A_255F7MLT4_L2,BC1_3E_WKDL260013265-1A_255F7MLT4_L3,BC1_3E_WKDL260013265-1A_255F7MLT4_L4","twist_flexprep"
"PN3_SID203","/rsstu/users/r/rrellan/BZea/ZEAL/demultiplex/bc2s3_batch1/PN3_SID203_R1.fastq.gz","/rsstu/users/r/rrellan/BZea/ZEAL/demultiplex/bc2s3_batch1/PN3_SID203_R2.fastq.gz","bc2s3_batch1","BZea3","BZea3_S3_L001,BZea3_S3_L002","twist_96plex"
"PN3_SID236","/rsstu/users/r/rrellan/BZea/ZEAL/demultiplex/bc2s3_batch1/PN3_SID236_R1.fastq.gz","/rsstu/users/r/rrellan/BZea/ZEAL/demultiplex/bc2s3_batch1/PN3_SID236_R2.fastq.gz","bc2s3_batch1","BZea3","BZea3_S3_L001,BZea3_S3_L002","twist_96plex"
"PN3_SID255","/rsstu/users/r/rrellan/BZea/ZEAL/demultiplex/bc2s3_batch1/PN3_SID255_R1.fastq.gz","/rsstu/users/r/rrellan/BZea/ZEAL/demultiplex/bc2s3_batch1/PN3_SID255_R2.fastq.gz","bc2s3_batch1","BZea3","BZea3_S3_L001,BZea3_S3_L002","twist_96plex"
"PN4_SID326","/rsstu/users/r/rrellan/BZea/ZEAL/demultiplex/bc2s3_batch1/PN4_SID326_R1.fastq.gz","/rsstu/users/r/rrellan/BZea/ZEAL/demultiplex/bc2s3_batch1/PN4_SID326_R2.fastq.gz","bc2s3_batch1","BZea4","BZea4_S4_L001,BZea4_S4_L002","twist_96plex"
"PN5_SID429","/rsstu/users/r/rrellan/BZea/ZEAL/demultiplex/bc2s3_batch1/PN5_SID429_R1.fastq.gz","/rsstu/users/r/rrellan/BZea/ZEAL/demultiplex/bc2s3_batch1/PN5_SID429_R2.fastq.gz","bc2s3_batch1","BZea5","BZea5_S5_L001,BZea5_S5_L002","twist_96plex"
"PN5_SID442","/rsstu/users/r/rrellan/BZea/ZEAL/demultiplex/bc2s3_batch1/PN5_SID442_R1.fastq.gz","/rsstu/users/r/rrellan/BZea/ZEAL/demultiplex/bc2s3_batch1/PN5_SID442_R2.fastq.gz","bc2s3_batch1","BZea5","BZea5_S5_L001,BZea5_S5_L002","twist_96plex"
"PN5_SID464","/rsstu/users/r/rrellan/BZea/ZEAL/demultiplex/bc2s3_batch1/PN5_SID464_R1.fastq.gz","/rsstu/users/r/rrellan/BZea/ZEAL/demultiplex/bc2s3_batch1/PN5_SID464_R2.fastq.gz","bc2s3_batch1","BZea5","BZea5_S5_L001,BZea5_S5_L002","twist_96plex"
"PN5_SID465","/rsstu/users/r/rrellan/BZea/ZEAL/demultiplex/bc2s3_batch1/PN5_SID465_R1.fastq.gz","/rsstu/users/r/rrellan/BZea/ZEAL/demultiplex/bc2s3_batch1/PN5_SID465_R2.fastq.gz","bc2s3_batch1","BZea5","BZea5_S5_L001,BZea5_S5_L002","twist_96plex"
"PN5_SID466","/rsstu/users/r/rrellan/BZea/ZEAL/demultiplex/bc2s3_batch1/PN5_SID466_R1.fastq.gz","/rsstu/users/r/rrellan/BZea/ZEAL/demultiplex/bc2s3_batch1/PN5_SID466_R2.fastq.gz","bc2s3_batch1","BZea5","BZea5_S5_L001,BZea5_S5_L002","twist_96plex"
"PN5_SID467","/rsstu/users/r/rrellan/BZea/ZEAL/demultiplex/bc2s3_batch1/PN5_SID467_R1.fastq.gz","/rsstu/users/r/rrellan/BZea/ZEAL/demultiplex/bc2s3_batch1/PN5_SID467_R2.fastq.gz","bc2s3_batch1","BZea5","BZea5_S5_L001,BZea5_S5_L002","twist_96plex"
"PN5_SID468","/rsstu/users/r/rrellan/BZea/ZEAL/demultiplex/bc2s3_batch1/PN5_SID468_R1.fastq.gz","/rsstu/users/r/rrellan/BZea/ZEAL/demultiplex/bc2s3_batch1/PN5_SID468_R2.fastq.gz","bc2s3_batch1","BZea5","BZea5_S5_L001,BZea5_S5_L002","twist_96plex"
"PN5_SID469","/rsstu/users/r/rrellan/BZea/ZEAL/demultiplex/bc2s3_batch1/PN5_SID469_R1.fastq.gz","/rsstu/users/r/rrellan/BZea/ZEAL/demultiplex/bc2s3_batch1/PN5_SID469_R2.fastq.gz","bc2s3_batch1","BZea5","BZea5_S5_L001,BZea5_S5_L002","twist_96plex"
"PN5_SID470","/rsstu/users/r/rrellan/BZea/ZEAL/demultiplex/bc2s3_batch1/PN5_SID470_R1.fastq.gz","/rsstu/users/r/rrellan/BZea/ZEAL/demultiplex/bc2s3_batch1/PN5_SID470_R2.fastq.gz","bc2s3_batch1","BZea5","BZea5_S5_L001,BZea5_S5_L002","twist_96plex"
"PN5_SID471","/rsstu/users/r/rrellan/BZea/ZEAL/demultiplex/bc2s3_batch1/PN5_SID471_R1.fastq.gz","/rsstu/users/r/rrellan/BZea/ZEAL/demultiplex/bc2s3_batch1/PN5_SID471_R2.fastq.gz","bc2s3_batch1","BZea5","BZea5_S5_L001,BZea5_S5_L002","twist_96plex"
"PN5_SID472","/rsstu/users/r/rrellan/BZea/ZEAL/demultiplex/bc2s3_batch1/PN5_SID472_R1.fastq.gz","/rsstu/users/r/rrellan/BZea/ZEAL/demultiplex/bc2s3_batch1/PN5_SID472_R2.fastq.gz","bc2s3_batch1","BZea5","BZea5_S5_L001,BZea5_S5_L002","twist_96plex"
"PN5_SID473","/rsstu/users/r/rrellan/BZea/ZEAL/demultiplex/bc2s3_batch1/PN5_SID473_R1.fastq.gz","/rsstu/users/r/rrellan/BZea/ZEAL/demultiplex/bc2s3_batch1/PN5_SID473_R2.fastq.gz","bc2s3_batch1","BZea5","BZea5_S5_L001,BZea5_S5_L002","twist_96plex"
"PN5_SID474","/rsstu/users/r/rrellan/BZea/ZEAL/demultiplex/bc2s3_batch1/PN5_SID474_R1.fastq.gz","/rsstu/users/r/rrellan/BZea/ZEAL/demultiplex/bc2s3_batch1/PN5_SID474_R2.fastq.gz","bc2s3_batch1","BZea5","BZea5_S5_L001,BZea5_S5_L002","twist_96plex"
"PN5_SID475","/rsstu/users/r/rrellan/BZea/ZEAL/demultiplex/bc2s3_batch1/PN5_SID475_R1.fastq.gz","/rsstu/users/r/rrellan/BZea/ZEAL/demultiplex/bc2s3_batch1/PN5_SID475_R2.fastq.gz","bc2s3_batch1","BZea5","BZea5_S5_L001,BZea5_S5_L002","twist_96plex"
"PN5_SID476","/rsstu/users/r/rrellan/BZea/ZEAL/demultiplex/bc2s3_batch1/PN5_SID476_R1.fastq.gz","/rsstu/users/r/rrellan/BZea/ZEAL/demultiplex/bc2s3_batch1/PN5_SID476_R2.fastq.gz","bc2s3_batch1","BZea5","BZea5_S5_L001,BZea5_S5_L002","twist_96plex"
"PN5_SID477","/rsstu/users/r/rrellan/BZea/ZEAL/demultiplex/bc2s3_batch1/PN5_SID477_R1.fastq.gz","/rsstu/users/r/rrellan/BZea/ZEAL/demultiplex/bc2s3_batch1/PN5_SID477_R2.fastq.gz","bc2s3_batch1","BZea5","BZea5_S5_L001,BZea5_S5_L002","twist_96plex"
"PN5_SID479","/rsstu/users/r/rrellan/BZea/ZEAL/demultiplex/bc2s3_batch1/PN5_SID479_R1.fastq.gz","/rsstu/users/r/rrellan/BZea/ZEAL/demultiplex/bc2s3_batch1/PN5_SID479_R2.fastq.gz","bc2s3_batch1","BZea5","BZea5_S5_L001,BZea5_S5_L002","twist_96plex"
"PN5_SID480","/rsstu/users/r/rrellan/BZea/ZEAL/demultiplex/bc2s3_batch1/PN5_SID480_R1.fastq.gz","/rsstu/users/r/rrellan/BZea/ZEAL/demultiplex/bc2s3_batch1/PN5_SID480_R2.fastq.gz","bc2s3_batch1","BZea5","BZea5_S5_L001,BZea5_S5_L002","twist_96plex"
"PN6_SID481","/rsstu/users/r/rrellan/BZea/ZEAL/demultiplex/bc2s3_batch1/PN6_SID481_R1.fastq.gz","/rsstu/users/r/rrellan/BZea/ZEAL/demultiplex/bc2s3_batch1/PN6_SID481_R2.fastq.gz","bc2s3_batch1","BZea6","BZea6_S6_L001,BZea6_S6_L002","twist_96plex"
"PN6_SID482","/rsstu/users/r/rrellan/BZea/ZEAL/demultiplex/bc2s3_batch1/PN6_SID482_R1.fastq.gz","/rsstu/users/r/rrellan/BZea/ZEAL/demultiplex/bc2s3_batch1/PN6_SID482_R2.fastq.gz","bc2s3_batch1","BZea6","BZea6_S6_L001,BZea6_S6_L002","twist_96plex"
"PN6_SID483","/rsstu/users/r/rrellan/BZea/ZEAL/demultiplex/bc2s3_batch1/PN6_SID483_R1.fastq.gz","/rsstu/users/r/rrellan/BZea/ZEAL/demultiplex/bc2s3_batch1/PN6_SID483_R2.fastq.gz","bc2s3_batch1","BZea6","BZea6_S6_L001,BZea6_S6_L002","twist_96plex"
"PN6_SID484","/rsstu/users/r/rrellan/BZea/ZEAL/demultiplex/bc2s3_batch1/PN6_SID484_R1.fastq.gz","/rsstu/users/r/rrellan/BZea/ZEAL/demultiplex/bc2s3_batch1/PN6_SID484_R2.fastq.gz","bc2s3_batch1","BZea6","BZea6_S6_L001,BZea6_S6_L002","twist_96plex"
"PN6_SID485","/rsstu/users/r/rrellan/BZea/ZEAL/demultiplex/bc2s3_batch1/PN6_SID485_R1.fastq.gz","/rsstu/users/r/rrellan/BZea/ZEAL/demultiplex/bc2s3_batch1/PN6_SID485_R2.fastq.gz","bc2s3_batch1","BZea6","BZea6_S6_L001,BZea6_S6_L002","twist_96plex"
"PN6_SID486","/rsstu/users/r/rrellan/BZea/ZEAL/demultiplex/bc2s3_batch1/PN6_SID486_R1.fastq.gz","/rsstu/users/r/rrellan/BZea/ZEAL/demultiplex/bc2s3_batch1/PN6_SID486_R2.fastq.gz","bc2s3_batch1","BZea6","BZea6_S6_L001,BZea6_S6_L002","twist_96plex"
"PN6_SID487","/rsstu/users/r/rrellan/BZea/ZEAL/demultiplex/bc2s3_batch1/PN6_SID487_R1.fastq.gz","/rsstu/users/r/rrellan/BZea/ZEAL/demultiplex/bc2s3_batch1/PN6_SID487_R2.fastq.gz","bc2s3_batch1","BZea6","BZea6_S6_L001,BZea6_S6_L002","twist_96plex"
"PN6_SID488","/rsstu/users/r/rrellan/BZea/ZEAL/demultiplex/bc2s3_batch1/PN6_SID488_R1.fastq.gz","/rsstu/users/r/rrellan/BZea/ZEAL/demultiplex/bc2s3_batch1/PN6_SID488_R2.fastq.gz","bc2s3_batch1","BZea6","BZea6_S6_L001,BZea6_S6_L002","twist_96plex"
"PN6_SID489","/rsstu/users/r/rrellan/BZea/ZEAL/demultiplex/bc2s3_batch1/PN6_SID489_R1.fastq.gz","/rsstu/users/r/rrellan/BZea/ZEAL/demultiplex/bc2s3_batch1/PN6_SID489_R2.fastq.gz","bc2s3_batch1","BZea6","BZea6_S6_L001,BZea6_S6_L002","twist_96plex"
"PN6_SID490","/rsstu/users/r/rrellan/BZea/ZEAL/demultiplex/bc2s3_batch1/PN6_SID490_R1.fastq.gz","/rsstu/users/r/rrellan/BZea/ZEAL/demultiplex/bc2s3_batch1/PN6_SID490_R2.fastq.gz","bc2s3_batch1","BZea6","BZea6_S6_L001,BZea6_S6_L002","twist_96plex"
"PN6_SID491","/rsstu/users/r/rrellan/BZea/ZEAL/demultiplex/bc2s3_batch1/PN6_SID491_R1.fastq.gz","/rsstu/users/r/rrellan/BZea/ZEAL/demultiplex/bc2s3_batch1/PN6_SID491_R2.fastq.gz","bc2s3_batch1","BZea6","BZea6_S6_L001,BZea6_S6_L002","twist_96plex"
"PN6_SID492","/rsstu/users/r/rrellan/BZea/ZEAL/demultiplex/bc2s3_batch1/PN6_SID492_R1.fastq.gz","/rsstu/users/r/rrellan/BZea/ZEAL/demultiplex/bc2s3_batch1/PN6_SID492_R2.fastq.gz","bc2s3_batch1","BZea6","BZea6_S6_L001,BZea6_S6_L002","twist_96plex"
"PN6_SID493","/rsstu/users/r/rrellan/BZea/ZEAL/demultiplex/bc2s3_batch1/PN6_SID493_R1.fastq.gz","/rsstu/users/r/rrellan/BZea/ZEAL/demultiplex/bc2s3_batch1/PN6_SID493_R2.fastq.gz","bc2s3_batch1","BZea6","BZea6_S6_L001,BZea6_S6_L002","twist_96plex"
"PN6_SID494","/rsstu/users/r/rrellan/BZea/ZEAL/demultiplex/bc2s3_batch1/PN6_SID494_R1.fastq.gz","/rsstu/users/r/rrellan/BZea/ZEAL/demultiplex/bc2s3_batch1/PN6_SID494_R2.fastq.gz","bc2s3_batch1","BZea6","BZea6_S6_L001,BZea6_S6_L002","twist_96plex"
"PN6_SID495","/rsstu/users/r/rrellan/BZea/ZEAL/demultiplex/bc2s3_batch1/PN6_SID495_R1.fastq.gz","/rsstu/users/r/rrellan/BZea/ZEAL/demultiplex/bc2s3_batch1/PN6_SID495_R2.fastq.gz","bc2s3_batch1","BZea6","BZea6_S6_L001,BZea6_S6_L002","twist_96plex"
"PN6_SID496","/rsstu/users/r/rrellan/BZea/ZEAL/demultiplex/bc2s3_batch1/PN6_SID496_R1.fastq.gz","/rsstu/users/r/rrellan/BZea/ZEAL/demultiplex/bc2s3_batch1/PN6_SID496_R2.fastq.gz","bc2s3_batch1","BZea6","BZea6_S6_L001,BZea6_S6_L002","twist_96plex"
"PN6_SID497","/rsstu/users/r/rrellan/BZea/ZEAL/demultiplex/bc2s3_batch1/PN6_SID497_R1.fastq.gz","/rsstu/users/r/rrellan/BZea/ZEAL/demultiplex/bc2s3_batch1/PN6_SID497_R2.fastq.gz","bc2s3_batch1","BZea6","BZea6_S6_L001,BZea6_S6_L002","twist_96plex"
"PN6_SID498","/rsstu/users/r/rrellan/BZea/ZEAL/demultiplex/bc2s3_batch1/PN6_SID498_R1.fastq.gz","/rsstu/users/r/rrellan/BZea/ZEAL/demultiplex/bc2s3_batch1/PN6_SID498_R2.fastq.gz","bc2s3_batch1","BZea6","BZea6_S6_L001,BZea6_S6_L002","twist_96plex"
"PN6_SID499","/rsstu/users/r/rrellan/BZea/ZEAL/demultiplex/bc2s3_batch1/PN6_SID499_R1.fastq.gz","/rsstu/users/r/rrellan/BZea/ZEAL/demultiplex/bc2s3_batch1/PN6_SID499_R2.fastq.gz","bc2s3_batch1","BZea6","BZea6_S6_L001,BZea6_S6_L002","twist_96plex"
"PN6_SID500","/rsstu/users/r/rrellan/BZea/ZEAL/demultiplex/bc2s3_batch1/PN6_SID500_R1.fastq.gz","/rsstu/users/r/rrellan/BZea/ZEAL/demultiplex/bc2s3_batch1/PN6_SID500_R2.fastq.gz","bc2s3_batch1","BZea6","BZea6_S6_L001,BZea6_S6_L002","twist_96plex"
"PN6_SID501","/rsstu/users/r/rrellan/BZea/ZEAL/demultiplex/bc2s3_batch1/PN6_SID501_R1.fastq.gz","/rsstu/users/r/rrellan/BZea/ZEAL/demultiplex/bc2s3_batch1/PN6_SID501_R2.fastq.gz","bc2s3_batch1","BZea6","BZea6_S6_L001,BZea6_S6_L002","twist_96plex"
"PN6_SID502","/rsstu/users/r/rrellan/BZea/ZEAL/demultiplex/bc2s3_batch1/PN6_SID502_R1.fastq.gz","/rsstu/users/r/rrellan/BZea/ZEAL/demultiplex/bc2s3_batch1/PN6_SID502_R2.fastq.gz","bc2s3_batch1","BZea6","BZea6_S6_L001,BZea6_S6_L002","twist_96plex"
"PN6_SID503","/rsstu/users/r/rrellan/BZea/ZEAL/demultiplex/bc2s3_batch1/PN6_SID503_R1.fastq.gz","/rsstu/users/r/rrellan/BZea/ZEAL/demultiplex/bc2s3_batch1/PN6_SID503_R2.fastq.gz","bc2s3_batch1","BZea6","BZea6_S6_L001,BZea6_S6_L002","twist_96plex"
"PN6_SID504","/rsstu/users/r/rrellan/BZea/ZEAL/demultiplex/bc2s3_batch1/PN6_SID504_R1.fastq.gz","/rsstu/users/r/rrellan/BZea/ZEAL/demultiplex/bc2s3_batch1/PN6_SID504_R2.fastq.gz","bc2s3_batch1","BZea6","BZea6_S6_L001,BZea6_S6_L002","twist_96plex"
"PN6_SID505","/rsstu/users/r/rrellan/BZea/ZEAL/demultiplex/bc2s3_batch1/PN6_SID505_R1.fastq.gz","/rsstu/users/r/rrellan/BZea/ZEAL/demultiplex/bc2s3_batch1/PN6_SID505_R2.fastq.gz","bc2s3_batch1","BZea6","BZea6_S6_L001,BZea6_S6_L002","twist_96plex"
"PN6_SID576","/rsstu/users/r/rrellan/BZea/ZEAL/demultiplex/bc2s3_batch1/PN6_SID576_R1.fastq.gz","/rsstu/users/r/rrellan/BZea/ZEAL/demultiplex/bc2s3_batch1/PN6_SID576_R2.fastq.gz","bc2s3_batch1","BZea6","BZea6_S6_L001,BZea6_S6_L002","twist_96plex"
"PN8_SID693","/rsstu/users/r/rrellan/BZea/ZEAL/demultiplex/bc2s3_batch1/PN8_SID693_R1.fastq.gz","/rsstu/users/r/rrellan/BZea/ZEAL/demultiplex/bc2s3_batch1/PN8_SID693_R2.fastq.gz","bc2s3_batch1","BZea8","BZea8_S8_L001,BZea8_S8_L002","twist_96plex"
"PN8_SID733","/rsstu/users/r/rrellan/BZea/ZEAL/demultiplex/bc2s3_batch1/PN8_SID733_R1.fastq.gz","/rsstu/users/r/rrellan/BZea/ZEAL/demultiplex/bc2s3_batch1/PN8_SID733_R2.fastq.gz","bc2s3_batch1","BZea8","BZea8_S8_L001,BZea8_S8_L002","twist_96plex"
"PN8_SID734","/rsstu/users/r/rrellan/BZea/ZEAL/demultiplex/bc2s3_batch1/PN8_SID734_R1.fastq.gz","/rsstu/users/r/rrellan/BZea/ZEAL/demultiplex/bc2s3_batch1/PN8_SID734_R2.fastq.gz","bc2s3_batch1","BZea8","BZea8_S8_L001,BZea8_S8_L002","twist_96plex"
"PN8_SID735","/rsstu/users/r/rrellan/BZea/ZEAL/demultiplex/bc2s3_batch1/PN8_SID735_R1.fastq.gz","/rsstu/users/r/rrellan/BZea/ZEAL/demultiplex/bc2s3_batch1/PN8_SID735_R2.fastq.gz","bc2s3_batch1","BZea8","BZea8_S8_L001,BZea8_S8_L002","twist_96plex"
"PN8_SID736","/rsstu/users/r/rrellan/BZea/ZEAL/demultiplex/bc2s3_batch1/PN8_SID736_R1.fastq.gz","/rsstu/users/r/rrellan/BZea/ZEAL/demultiplex/bc2s3_batch1/PN8_SID736_R2.fastq.gz","bc2s3_batch1","BZea8","BZea8_S8_L001,BZea8_S8_L002","twist_96plex"
"PN8_SID737","/rsstu/users/r/rrellan/BZea/ZEAL/demultiplex/bc2s3_batch1/PN8_SID737_R1.fastq.gz","/rsstu/users/r/rrellan/BZea/ZEAL/demultiplex/bc2s3_batch1/PN8_SID737_R2.fastq.gz","bc2s3_batch1","BZea8","BZea8_S8_L001,BZea8_S8_L002","twist_96plex"
"PN8_SID738","/rsstu/users/r/rrellan/BZea/ZEAL/demultiplex/bc2s3_batch1/PN8_SID738_R1.fastq.gz","/rsstu/users/r/rrellan/BZea/ZEAL/demultiplex/bc2s3_batch1/PN8_SID738_R2.fastq.gz","bc2s3_batch1","BZea8","BZea8_S8_L001,BZea8_S8_L002","twist_96plex"
"PN8_SID740","/rsstu/users/r/rrellan/BZea/ZEAL/demultiplex/bc2s3_batch1/PN8_SID740_R1.fastq.gz","/rsstu/users/r/rrellan/BZea/ZEAL/demultiplex/bc2s3_batch1/PN8_SID740_R2.fastq.gz","bc2s3_batch1","BZea8","BZea8_S8_L001,BZea8_S8_L002","twist_96plex"
"PN8_SID741","/rsstu/users/r/rrellan/BZea/ZEAL/demultiplex/bc2s3_batch1/PN8_SID741_R1.fastq.gz","/rsstu/users/r/rrellan/BZea/ZEAL/demultiplex/bc2s3_batch1/PN8_SID741_R2.fastq.gz","bc2s3_batch1","BZea8","BZea8_S8_L001,BZea8_S8_L002","twist_96plex"
"PN8_SID742","/rsstu/users/r/rrellan/BZea/ZEAL/demultiplex/bc2s3_batch1/PN8_SID742_R1.fastq.gz","/rsstu/users/r/rrellan/BZea/ZEAL/demultiplex/bc2s3_batch1/PN8_SID742_R2.fastq.gz","bc2s3_batch1","BZea8","BZea8_S8_L001,BZea8_S8_L002","twist_96plex"
"PN8_SID743","/rsstu/users/r/rrellan/BZea/ZEAL/demultiplex/bc2s3_batch1/PN8_SID743_R1.fastq.gz","/rsstu/users/r/rrellan/BZea/ZEAL/demultiplex/bc2s3_batch1/PN8_SID743_R2.fastq.gz","bc2s3_batch1","BZea8","BZea8_S8_L001,BZea8_S8_L002","twist_96plex"
"PN8_SID744","/rsstu/users/r/rrellan/BZea/ZEAL/demultiplex/bc2s3_batch1/PN8_SID744_R1.fastq.gz","/rsstu/users/r/rrellan/BZea/ZEAL/demultiplex/bc2s3_batch1/PN8_SID744_R2.fastq.gz","bc2s3_batch1","BZea8","BZea8_S8_L001,BZea8_S8_L002","twist_96plex"
"PN8_SID745","/rsstu/users/r/rrellan/BZea/ZEAL/demultiplex/bc2s3_batch1/PN8_SID745_R1.fastq.gz","/rsstu/users/r/rrellan/BZea/ZEAL/demultiplex/bc2s3_batch1/PN8_SID745_R2.fastq.gz","bc2s3_batch1","BZea8","BZea8_S8_L001,BZea8_S8_L002","twist_96plex"
"PN8_SID746","/rsstu/users/r/rrellan/BZea/ZEAL/demultiplex/bc2s3_batch1/PN8_SID746_R1.fastq.gz","/rsstu/users/r/rrellan/BZea/ZEAL/demultiplex/bc2s3_batch1/PN8_SID746_R2.fastq.gz","bc2s3_batch1","BZea8","BZea8_S8_L001,BZea8_S8_L002","twist_96plex"
"PN8_SID747","/rsstu/users/r/rrellan/BZea/ZEAL/demultiplex/bc2s3_batch1/PN8_SID747_R1.fastq.gz","/rsstu/users/r/rrellan/BZea/ZEAL/demultiplex/bc2s3_batch1/PN8_SID747_R2.fastq.gz","bc2s3_batch1","BZea8","BZea8_S8_L001,BZea8_S8_L002","twist_96plex"
"PN8_SID748","/rsstu/users/r/rrellan/BZea/ZEAL/demultiplex/bc2s3_batch1/PN8_SID748_R1.fastq.gz","/rsstu/users/r/rrellan/BZea/ZEAL/demultiplex/bc2s3_batch1/PN8_SID748_R2.fastq.gz","bc2s3_batch1","BZea8","BZea8_S8_L001,BZea8_S8_L002","twist_96plex"
"PN8_SID749","/rsstu/users/r/rrellan/BZea/ZEAL/demultiplex/bc2s3_batch1/PN8_SID749_R1.fastq.gz","/rsstu/users/r/rrellan/BZea/ZEAL/demultiplex/bc2s3_batch1/PN8_SID749_R2.fastq.gz","bc2s3_batch1","BZea8","BZea8_S8_L001,BZea8_S8_L002","twist_96plex"
"PN8_SID750","/rsstu/users/r/rrellan/BZea/ZEAL/demultiplex/bc2s3_batch1/PN8_SID750_R1.fastq.gz","/rsstu/users/r/rrellan/BZea/ZEAL/demultiplex/bc2s3_batch1/PN8_SID750_R2.fastq.gz","bc2s3_batch1","BZea8","BZea8_S8_L001,BZea8_S8_L002","twist_96plex"
"PN8_SID751","/rsstu/users/r/rrellan/BZea/ZEAL/demultiplex/bc2s3_batch1/PN8_SID751_R1.fastq.gz","/rsstu/users/r/rrellan/BZea/ZEAL/demultiplex/bc2s3_batch1/PN8_SID751_R2.fastq.gz","bc2s3_batch1","BZea8","BZea8_S8_L001,BZea8_S8_L002","twist_96plex"
"PN8_SID752","/rsstu/users/r/rrellan/BZea/ZEAL/demultiplex/bc2s3_batch1/PN8_SID752_R1.fastq.gz","/rsstu/users/r/rrellan/BZea/ZEAL/demultiplex/bc2s3_batch1/PN8_SID752_R2.fastq.gz","bc2s3_batch1","BZea8","BZea8_S8_L001,BZea8_S8_L002","twist_96plex"
"PN8_SID753","/rsstu/users/r/rrellan/BZea/ZEAL/demultiplex/bc2s3_batch1/PN8_SID753_R1.fastq.gz","/rsstu/users/r/rrellan/BZea/ZEAL/demultiplex/bc2s3_batch1/PN8_SID753_R2.fastq.gz","bc2s3_batch1","BZea8","BZea8_S8_L001,BZea8_S8_L002","twist_96plex"
"PN8_SID754","/rsstu/users/r/rrellan/BZea/ZEAL/demultiplex/bc2s3_batch1/PN8_SID754_R1.fastq.gz","/rsstu/users/r/rrellan/BZea/ZEAL/demultiplex/bc2s3_batch1/PN8_SID754_R2.fastq.gz","bc2s3_batch1","BZea8","BZea8_S8_L001,BZea8_S8_L002","twist_96plex"
"PN8_SID755","/rsstu/users/r/rrellan/BZea/ZEAL/demultiplex/bc2s3_batch1/PN8_SID755_R1.fastq.gz","/rsstu/users/r/rrellan/BZea/ZEAL/demultiplex/bc2s3_batch1/PN8_SID755_R2.fastq.gz","bc2s3_batch1","BZea8","BZea8_S8_L001,BZea8_S8_L002","twist_96plex"
"PN8_SID756","/rsstu/users/r/rrellan/BZea/ZEAL/demultiplex/bc2s3_batch1/PN8_SID756_R1.fastq.gz","/rsstu/users/r/rrellan/BZea/ZEAL/demultiplex/bc2s3_batch1/PN8_SID756_R2.fastq.gz","bc2s3_batch1","BZea8","BZea8_S8_L001,BZea8_S8_L002","twist_96plex"
"PN8_SID757","/rsstu/users/r/rrellan/BZea/ZEAL/demultiplex/bc2s3_batch1/PN8_SID757_R1.fastq.gz","/rsstu/users/r/rrellan/BZea/ZEAL/demultiplex/bc2s3_batch1/PN8_SID757_R2.fastq.gz","bc2s3_batch1","BZea8","BZea8_S8_L001,BZea8_S8_L002","twist_96plex"
"PN8_SID758","/rsstu/users/r/rrellan/BZea/ZEAL/demultiplex/bc2s3_batch1/PN8_SID758_R1.fastq.gz","/rsstu/users/r/rrellan/BZea/ZEAL/demultiplex/bc2s3_batch1/PN8_SID758_R2.fastq.gz","bc2s3_batch1","BZea8","BZea8_S8_L001,BZea8_S8_L002","twist_96plex"
"PN8_SID759","/rsstu/users/r/rrellan/BZea/ZEAL/demultiplex/bc2s3_batch1/PN8_SID759_R1.fastq.gz","/rsstu/users/r/rrellan/BZea/ZEAL/demultiplex/bc2s3_batch1/PN8_SID759_R2.fastq.gz","bc2s3_batch1","BZea8","BZea8_S8_L001,BZea8_S8_L002","twist_96plex"
"PN8_SID760","/rsstu/users/r/rrellan/BZea/ZEAL/demultiplex/bc2s3_batch1/PN8_SID760_R1.fastq.gz","/rsstu/users/r/rrellan/BZea/ZEAL/demultiplex/bc2s3_batch1/PN8_SID760_R2.fastq.gz","bc2s3_batch1","BZea8","BZea8_S8_L001,BZea8_S8_L002","twist_96plex"
"PN8_SID761","/rsstu/users/r/rrellan/BZea/ZEAL/demultiplex/bc2s3_batch1/PN8_SID761_R1.fastq.gz","/rsstu/users/r/rrellan/BZea/ZEAL/demultiplex/bc2s3_batch1/PN8_SID761_R2.fastq.gz","bc2s3_batch1","BZea8","BZea8_S8_L001,BZea8_S8_L002","twist_96plex"
"PN8_SID762","/rsstu/users/r/rrellan/BZea/ZEAL/demultiplex/bc2s3_batch1/PN8_SID762_R1.fastq.gz","/rsstu/users/r/rrellan/BZea/ZEAL/demultiplex/bc2s3_batch1/PN8_SID762_R2.fastq.gz","bc2s3_batch1","BZea8","BZea8_S8_L001,BZea8_S8_L002","twist_96plex"
"PN8_SID763","/rsstu/users/r/rrellan/BZea/ZEAL/demultiplex/bc2s3_batch1/PN8_SID763_R1.fastq.gz","/rsstu/users/r/rrellan/BZea/ZEAL/demultiplex/bc2s3_batch1/PN8_SID763_R2.fastq.gz","bc2s3_batch1","BZea8","BZea8_S8_L001,BZea8_S8_L002","twist_96plex"
"PN8_SID764","/rsstu/users/r/rrellan/BZea/ZEAL/demultiplex/bc2s3_batch1/PN8_SID764_R1.fastq.gz","/rsstu/users/r/rrellan/BZea/ZEAL/demultiplex/bc2s3_batch1/PN8_SID764_R2.fastq.gz","bc2s3_batch1","BZea8","BZea8_S8_L001,BZea8_S8_L002","twist_96plex"
"PN8_SID765","/rsstu/users/r/rrellan/BZea/ZEAL/demultiplex/bc2s3_batch1/PN8_SID765_R1.fastq.gz","/rsstu/users/r/rrellan/BZea/ZEAL/demultiplex/bc2s3_batch1/PN8_SID765_R2.fastq.gz","bc2s3_batch1","BZea8","BZea8_S8_L001,BZea8_S8_L002","twist_96plex"
"PN8_SID766","/rsstu/users/r/rrellan/BZea/ZEAL/demultiplex/bc2s3_batch1/PN8_SID766_R1.fastq.gz","/rsstu/users/r/rrellan/BZea/ZEAL/demultiplex/bc2s3_batch1/PN8_SID766_R2.fastq.gz","bc2s3_batch1","BZea8","BZea8_S8_L001,BZea8_S8_L002","twist_96plex"
"PN8_SID767","/rsstu/users/r/rrellan/BZea/ZEAL/demultiplex/bc2s3_batch1/PN8_SID767_R1.fastq.gz","/rsstu/users/r/rrellan/BZea/ZEAL/demultiplex/bc2s3_batch1/PN8_SID767_R2.fastq.gz","bc2s3_batch1","BZea8","BZea8_S8_L001,BZea8_S8_L002","twist_96plex"
"PN8_SID768","/rsstu/users/r/rrellan/BZea/ZEAL/demultiplex/bc2s3_batch1/PN8_SID768_R1.fastq.gz","/rsstu/users/r/rrellan/BZea/ZEAL/demultiplex/bc2s3_batch1/PN8_SID768_R2.fastq.gz","bc2s3_batch1","BZea8","BZea8_S8_L001,BZea8_S8_L002","twist_96plex"
"PN9_SID769","/rsstu/users/r/rrellan/BZea/ZEAL/demultiplex/bc2s3_batch1/PN9_SID769_R1.fastq.gz","/rsstu/users/r/rrellan/BZea/ZEAL/demultiplex/bc2s3_batch1/PN9_SID769_R2.fastq.gz","bc2s3_batch1","BZea9","BZea9_S9_L001,BZea9_S9_L002","twist_96plex"
"PN9_SID770","/rsstu/users/r/rrellan/BZea/ZEAL/demultiplex/bc2s3_batch1/PN9_SID770_R1.fastq.gz","/rsstu/users/r/rrellan/BZea/ZEAL/demultiplex/bc2s3_batch1/PN9_SID770_R2.fastq.gz","bc2s3_batch1","BZea9","BZea9_S9_L001,BZea9_S9_L002","twist_96plex"
"PN9_SID771","/rsstu/users/r/rrellan/BZea/ZEAL/demultiplex/bc2s3_batch1/PN9_SID771_R1.fastq.gz","/rsstu/users/r/rrellan/BZea/ZEAL/demultiplex/bc2s3_batch1/PN9_SID771_R2.fastq.gz","bc2s3_batch1","BZea9","BZea9_S9_L001,BZea9_S9_L002","twist_96plex"
"PN9_SID772","/rsstu/users/r/rrellan/BZea/ZEAL/demultiplex/bc2s3_batch1/PN9_SID772_R1.fastq.gz","/rsstu/users/r/rrellan/BZea/ZEAL/demultiplex/bc2s3_batch1/PN9_SID772_R2.fastq.gz","bc2s3_batch1","BZea9","BZea9_S9_L001,BZea9_S9_L002","twist_96plex"
"PN9_SID773","/rsstu/users/r/rrellan/BZea/ZEAL/demultiplex/bc2s3_batch1/PN9_SID773_R1.fastq.gz","/rsstu/users/r/rrellan/BZea/ZEAL/demultiplex/bc2s3_batch1/PN9_SID773_R2.fastq.gz","bc2s3_batch1","BZea9","BZea9_S9_L001,BZea9_S9_L002","twist_96plex"
"PN9_SID774","/rsstu/users/r/rrellan/BZea/ZEAL/demultiplex/bc2s3_batch1/PN9_SID774_R1.fastq.gz","/rsstu/users/r/rrellan/BZea/ZEAL/demultiplex/bc2s3_batch1/PN9_SID774_R2.fastq.gz","bc2s3_batch1","BZea9","BZea9_S9_L001,BZea9_S9_L002","twist_96plex"
"PN9_SID775","/rsstu/users/r/rrellan/BZea/ZEAL/demultiplex/bc2s3_batch1/PN9_SID775_R1.fastq.gz","/rsstu/users/r/rrellan/BZea/ZEAL/demultiplex/bc2s3_batch1/PN9_SID775_R2.fastq.gz","bc2s3_batch1","BZea9","BZea9_S9_L001,BZea9_S9_L002","twist_96plex"
"PN9_SID776","/rsstu/users/r/rrellan/BZea/ZEAL/demultiplex/bc2s3_batch1/PN9_SID776_R1.fastq.gz","/rsstu/users/r/rrellan/BZea/ZEAL/demultiplex/bc2s3_batch1/PN9_SID776_R2.fastq.gz","bc2s3_batch1","BZea9","BZea9_S9_L001,BZea9_S9_L002","twist_96plex"
"PN9_SID777","/rsstu/users/r/rrellan/BZea/ZEAL/demultiplex/bc2s3_batch1/PN9_SID777_R1.fastq.gz","/rsstu/users/r/rrellan/BZea/ZEAL/demultiplex/bc2s3_batch1/PN9_SID777_R2.fastq.gz","bc2s3_batch1","BZea9","BZea9_S9_L001,BZea9_S9_L002","twist_96plex"
"PN9_SID778","/rsstu/users/r/rrellan/BZea/ZEAL/demultiplex/bc2s3_batch1/PN9_SID778_R1.fastq.gz","/rsstu/users/r/rrellan/BZea/ZEAL/demultiplex/bc2s3_batch1/PN9_SID778_R2.fastq.gz","bc2s3_batch1","BZea9","BZea9_S9_L001,BZea9_S9_L002","twist_96plex"
"PN9_SID838","/rsstu/users/r/rrellan/BZea/ZEAL/demultiplex/bc2s3_batch1/PN9_SID838_R1.fastq.gz","/rsstu/users/r/rrellan/BZea/ZEAL/demultiplex/bc2s3_batch1/PN9_SID838_R2.fastq.gz","bc2s3_batch1","BZea9","BZea9_S9_L001,BZea9_S9_L002","twist_96plex"
"PN10_SID893","/rsstu/users/r/rrellan/BZea/ZEAL/demultiplex/bc2s3_batch1/PN10_SID893_R1.fastq.gz","/rsstu/users/r/rrellan/BZea/ZEAL/demultiplex/bc2s3_batch1/PN10_SID893_R2.fastq.gz","bc2s3_batch1","BZea10","BZea10_S10_L003,BZea10_S10_L004","twist_96plex"
"B73_ERR3288215","/rsstu/users/r/rrellan/BZea/ZEAL/raw/B73_control/ERR3288215/ERR3288215_1.fastq.gz","/rsstu/users/r/rrellan/BZea/ZEAL/raw/B73_control/ERR3288215/ERR3288215_2.fastq.gz","ncbi","ERR3288215","ERR3288215","twist_96plex"
