donor	role	sample	mean_coverage	pct_exc_mapq
Zx.0540_P3	bc1_sample	S_2A_3	4.969597	0.342473
Zx.0540_P3	bc1_sample	S_2A_11	2.429149	0.333088
Zx.0540_P3	bc1_sample	S_2B_8	5.070418	0.342486
Zx.0540_P3	bc1_sample	S_2F_1	3.477849	0.354679
Zx.0540_P3	bc1_sample	S_2F_12	2.064667	0.345159
Zx.0570_P2	bc1_sample	S_2H_1	4.938231	0.343166
Zx.0570_P2	bc1_sample	S_3B_11	2.805906	0.380066
Zx.0570_P2	bc1_sample	S_3C_9	3.904486	0.33896
Zx.0570_P2	bc1_sample	S_3D_8	3.32802	0.345235
Zx.0570_P2	bc1_sample	S_3E_7	3.185516	0.346015
Zx.0540_P3	nil	PN5_SID464	0.289459	0.246703
Zx.0540_P3	nil	PN5_SID465	0.329773	0.283204
Zx.0540_P3	nil	PN5_SID466	0.340518	0.260368
Zx.0540_P3	nil	PN5_SID467	0.253529	0.304376
Zx.0540_P3	nil	PN5_SID469	0.29318	0.258495
Zx.0540_P3	nil	PN5_SID470	0.230677	0.283578
Zx.0540_P3	nil	PN5_SID471	0.252643	0.291717
Zx.0540_P3	nil	PN5_SID472	0.262639	0.275298
Zx.0540_P3	nil	PN5_SID473	0.381726	0.273257
Zx.0540_P3	nil	PN5_SID474	0.308541	0.298585
Zx.0540_P3	nil	PN5_SID475	0.291283	0.292162
Zx.0540_P3	nil	PN5_SID476	0.231409	0.261997
Zx.0540_P3	nil	PN5_SID477	0.304158	0.270175
Zx.0540_P3	nil	PN5_SID479	0.308494	0.266312
Zx.0540_P3	nil	PN5_SID480	0.285263	0.264381
Zx.0540_P3	nil	PN6_SID481	0.226761	0.276035
Zx.0540_P3	nil	PN6_SID482	0.31837	0.260241
Zx.0540_P3	nil	PN6_SID483	0.327374	0.301228
Zx.0540_P3	nil	PN6_SID484	0.002987	0.337246
Zx.0540_P3	nil	PN6_SID485	0.205163	0.263549
Zx.0540_P3	nil	PN6_SID486	0.246952	0.271139
Zx.0540_P3	nil	PN6_SID487	0.315887	0.293928
Zx.0540_P3	nil	PN6_SID488	0.396265	0.26648
Zx.0540_P3	nil	PN6_SID489	0.223316	0.259406
Zx.0540_P3	nil	PN6_SID490	0.323709	0.279921
Zx.0540_P3	nil	PN6_SID491	0.200766	0.27015
Zx.0540_P3	nil	PN6_SID492	0.29887	0.276628
Zx.0540_P3	nil	PN6_SID493	0.352298	0.252984
Zx.0540_P3	nil	PN6_SID494	0.270281	0.306246
Zx.0540_P3	nil	PN6_SID495	0.298901	0.264739
Zx.0540_P3	nil	PN6_SID496	0.281519	0.271932
Zx.0540_P3	nil	PN6_SID497	0.228765	0.289151
Zx.0540_P3	nil	PN6_SID498	0.167966	0.248533
Zx.0540_P3	nil	PN6_SID499	0.270211	0.268926
Zx.0540_P3	nil	PN6_SID500	0.277643	0.279288
Zx.0540_P3	nil	PN6_SID501	0.327933	0.252361
Zx.0540_P3	nil	PN6_SID502	0.334577	0.263379
Zx.0540_P3	nil	PN6_SID503	0.388933	0.313619
Zx.0540_P3	nil	PN6_SID504	0.350735	0.281856
Zx.0540_P3	nil	PN6_SID505	0.229281	0.284668
Zx.0570_P2	nil	PN8_SID733	0.354883	0.259658
Zx.0570_P2	nil	PN8_SID734	0.319997	0.293537
Zx.0570_P2	nil	PN8_SID735	0.339923	0.280015
Zx.0570_P2	nil	PN8_SID736	0.011421	0.302323
Zx.0570_P2	nil	PN8_SID737	0.318887	0.273645
Zx.0570_P2	nil	PN8_SID738	0.435795	0.257021
Zx.0570_P2	nil	PN8_SID740	0.354635	0.320023
Zx.0570_P2	nil	PN8_SID741	0.380967	0.332068
Zx.0570_P2	nil	PN8_SID742	0.342195	0.267565
Zx.0570_P2	nil	PN8_SID743	0.3508	0.275202
Zx.0570_P2	nil	PN8_SID744	0.321986	0.260273
Zx.0570_P2	nil	PN8_SID745	0.483112	0.253076
Zx.0570_P2	nil	PN8_SID746	0.388999	0.238818
Zx.0570_P2	nil	PN8_SID747	0.391053	0.281638
Zx.0570_P2	nil	PN8_SID748	0.46274	0.236211
Zx.0570_P2	nil	PN8_SID749	0.405501	0.267791
Zx.0570_P2	nil	PN8_SID750	0.319982	0.239669
Zx.0570_P2	nil	PN8_SID752	0.351045	0.2709
Zx.0570_P2	nil	PN8_SID753	0.424878	0.265153
Zx.0570_P2	nil	PN8_SID754	0.35296	0.260369
Zx.0570_P2	nil	PN8_SID755	0.384244	0.268115
Zx.0570_P2	nil	PN8_SID756	0.250739	0.277607
Zx.0570_P2	nil	PN8_SID757	0.292145	0.277028
Zx.0570_P2	nil	PN8_SID758	0.290033	0.243229
Zx.0570_P2	nil	PN8_SID759	0.350608	0.267001
Zx.0570_P2	nil	PN8_SID760	0.2944	0.32122
Zx.0570_P2	nil	PN8_SID761	0.362944	0.256484
Zx.0570_P2	nil	PN8_SID762	0.364379	0.25143
Zx.0570_P2	nil	PN8_SID763	0.463804	0.262762
Zx.0570_P2	nil	PN8_SID764	0.305906	0.267092
Zx.0570_P2	nil	PN8_SID765	0.388183	0.260884
Zx.0570_P2	nil	PN8_SID766	0.405121	0.258633
Zx.0570_P2	nil	PN8_SID767	0.409636	0.252528
Zx.0570_P2	nil	PN8_SID768	0.38954	0.254509
Zx.0570_P2	nil	PN9_SID769	0.395114	0.275947
Zx.0570_P2	nil	PN9_SID770	0.432715	0.25848
Zx.0570_P2	nil	PN9_SID771	0.29712	0.258316
Zx.0570_P2	nil	PN9_SID772	0.401867	0.254434
Zx.0570_P2	nil	PN9_SID773	0.398391	0.243733
Zx.0570_P2	nil	PN9_SID774	0.3897	0.263051
Zx.0570_P2	nil	PN9_SID775	0.379653	0.26952
Zx.0570_P2	nil	PN9_SID776	0.335876	0.250885
Zx.0570_P2	nil	PN9_SID777	0.206818	0.26931
Zx.0570_P2	nil	PN9_SID778	0.319991	0.269866
Zx.0550_P4	bc1_sample	S_2B_7	4.410757	0.342228
Zx.0550_P4	bc1_sample	S_2C_5	4.464465	0.368442
Zx.0550_P4	bc1_sample	S_2D_3	4.771874	0.335938
Zx.0550_P4	bc1_sample	S_2E_2	5.132153	0.353406
Zx.0580_P2	bc1_sample	S_3A_12	5.769858	0.330573
Zx.0580_P2	bc1_sample	S_3B_10	3.298722	0.333381
Zx.0580_P2	bc1_sample	S_3C_8	3.753757	0.35328
Zx.0580_P2	bc1_sample	S_3D_7	2.870138	0.375908
Zx.0580_P2	bc1_sample	S_3E_6	5.17047	0.346533
Zx.0550_P4	nil	PN5_SID418	0.266144	0.23693
Zx.0550_P4	nil	PN5_SID419	0.342397	0.251259
Zx.0550_P4	nil	PN5_SID420	0.358811	0.259967
Zx.0550_P4	nil	PN5_SID421	0.41061	0.24555
Zx.0550_P4	nil	PN5_SID422	0.292725	0.284594
Zx.0550_P4	nil	PN5_SID423	0.396516	0.25074
Zx.0550_P4	nil	PN5_SID424	0.269697	0.253015
Zx.0550_P4	nil	PN5_SID425	0.388897	0.284163
Zx.0550_P4	nil	PN5_SID426	0.362706	0.241844
Zx.0550_P4	nil	PN5_SID427	0.320363	0.27784
Zx.0550_P4	nil	PN5_SID428	0.369257	0.303394
Zx.0550_P4	nil	PN5_SID430	0.301952	0.302541
Zx.0550_P4	nil	PN5_SID431	0.327184	0.320926
Zx.0550_P4	nil	PN5_SID432	0.372483	0.269902
Zx.0550_P4	nil	PN5_SID433	0.269667	0.292217
Zx.0550_P4	nil	PN5_SID434	0.363319	0.258853
Zx.0550_P4	nil	PN5_SID435	0.326374	0.240552
Zx.0550_P4	nil	PN5_SID436	0.295703	0.290131
Zx.0550_P4	nil	PN5_SID437	0.355373	0.255524
Zx.0550_P4	nil	PN5_SID438	0.335043	0.25087
Zx.0550_P4	nil	PN5_SID439	0.297164	0.276525
Zx.0550_P4	nil	PN5_SID440	0.272536	0.255865
Zx.0550_P4	nil	PN5_SID441	0.343812	0.275987
Zx.0550_P4	nil	PN5_SID443	0.268104	0.245624
Zx.0550_P4	nil	PN5_SID444	0.299777	0.280349
Zx.0550_P4	nil	PN5_SID446	0.303965	0.25666
Zx.0550_P4	nil	PN5_SID447	0.244003	0.275004
Zx.0550_P4	nil	PN5_SID448	0.343349	0.330366
Zx.0550_P4	nil	PN5_SID449	0.381779	0.252046
Zx.0550_P4	nil	PN5_SID450	0.497715	0.259019
Zx.0550_P4	nil	PN5_SID451	0.328032	0.241404
Zx.0550_P4	nil	PN5_SID452	0.316366	0.259159
Zx.0550_P4	nil	PN5_SID453	0.408688	0.255132
Zx.0550_P4	nil	PN5_SID454	0.287523	0.276623
Zx.0550_P4	nil	PN5_SID455	0.325256	0.256774
Zx.0550_P4	nil	PN5_SID456	0.33411	0.264898
Zx.0550_P4	nil	PN5_SID457	0.312249	0.285421
Zx.0550_P4	nil	PN5_SID458	0.310261	0.267238
Zx.0550_P4	nil	PN5_SID459	0.264586	0.274286
Zx.0550_P4	nil	PN5_SID460	0.319874	0.289082
Zx.0550_P4	nil	PN5_SID461	0.30751	0.256849
Zx.0550_P4	nil	PN5_SID462	0.216768	0.270459
Zx.0550_P4	nil	PN5_SID463	0.305298	0.261529
Zx.0580_P2	nil	PN7_SID630	0.460466	0.260334
Zx.0580_P2	nil	PN7_SID631	0.441722	0.277333
Zx.0580_P2	nil	PN7_SID632	0.371407	0.265567
Zx.0580_P2	nil	PN7_SID633	0.559342	0.248568
Zx.0580_P2	nil	PN7_SID634	0.514883	0.282628
Zx.0580_P2	nil	PN7_SID635	0.419126	0.250008
Zx.0580_P2	nil	PN7_SID636	0.43629	0.261083
Zx.0580_P2	nil	PN7_SID637	0.475161	0.263853
Zx.0580_P2	nil	PN7_SID639	0.445375	0.275977
Zx.0580_P2	nil	PN7_SID640	0.42499	0.289463
Zx.0580_P2	nil	PN7_SID641	0.465401	0.263304
Zx.0580_P2	nil	PN7_SID642	0.562074	0.305182
Zx.0580_P2	nil	PN7_SID643	0.43574	0.260392
Zx.0580_P2	nil	PN7_SID644	0.444671	0.231077
Zx.0580_P2	nil	PN7_SID645	0.56101	0.261646
Zx.0580_P2	nil	PN7_SID646	0.525697	0.234959
Zx.0580_P2	nil	PN7_SID647	0.527455	0.262795
Zx.0580_P2	nil	PN7_SID648	0.49849	0.260315
Zx.0580_P2	nil	PN7_SID649	0.390608	0.230182
Zx.0580_P2	nil	PN7_SID650	0.457176	0.240452
Zx.0580_P2	nil	PN7_SID651	0.401148	0.242588
Zx.0580_P2	nil	PN7_SID652	0.516695	0.232535
Zx.0580_P2	nil	PN7_SID653	0.405745	0.28721
Zx.0580_P2	nil	PN7_SID654	0.32317	0.232852
Zx.0580_P2	nil	PN7_SID655	0.316992	0.256986
Zx.0580_P2	nil	PN7_SID656	0.381409	0.242632
Zx.0580_P2	nil	PN7_SID657	0.346829	0.265527
Zx.0580_P2	nil	PN7_SID658	0.33874	0.254544
Zx.0580_P2	nil	PN7_SID659	0.397925	0.270218
Zx.0580_P2	nil	PN7_SID660	0.275703	0.304576
Zx.0580_P2	nil	PN7_SID661	0.321215	0.315087
Zx.0580_P2	nil	PN7_SID662	0.317352	0.260181
Zx.0580_P2	nil	PN7_SID663	0.362832	0.238153
Zx.0580_P2	nil	PN7_SID664	0.407319	0.276952
Zx.0580_P2	nil	PN7_SID665	0.371458	0.288487
Zx.0580_P2	nil	PN7_SID666	0.313554	0.288548
Zx.0580_P2	nil	PN7_SID667	0.429312	0.247913
Zx.0580_P2	nil	PN7_SID668	0.343005	0.237655
Zx.0580_P2	nil	PN7_SID669	0.330839	0.290234
Zx.0580_P2	nil	PN7_SID670	0.438527	0.261084
Zx.0580_P2	nil	PN7_SID671	0.378717	0.246544
Zx.0580_P2	nil	PN7_SID672	0.446706	0.287525
Zx.0580_P2	nil	PN8_SID673	0.505712	0.254682
Zx.0580_P2	nil	PN8_SID674	0.451207	0.283407
Zx.0580_P2	nil	PN8_SID675	0.363214	0.26558
Zx.0580_P2	nil	PN8_SID676	0.366104	0.23584
Zx.0580_P2	nil	PN8_SID677	0.37699	0.266511
Zx.0580_P2	nil	PN8_SID678	0.000494	0.280476
Zx.0580_P2	nil	PN8_SID679	0.465372	0.287598
Zx.0580_P2	nil	PN8_SID680	0.401568	0.278588
Zx.0090_P2	bc1_sample	S_2A_6	5.364993	0.326925
Zx.0090_P2	bc1_sample	S_2B_2	6.067104	0.374848
Zx.0090_P2	bc1_sample	S_2B_12	2.435253	0.372861
Zx.0500_P2	bc1_sample	S_2C_3	3.495486	0.348911
Zx.0090_P2	bc1_sample	S_2C_10	2.831643	0.377534
Zx.0500_P2	bc1_sample	S_2D_1	4.281807	0.357878
Zx.0090_P2	bc1_sample	S_2D_8	3.763301	0.402521
Zx.0500_P2	bc1_sample	S_2D_11	1.960171	0.341805
Zx.0500_P2	bc1_sample	S_2E_10	3.305459	0.361269
Zx.0500_P2	bc1_sample	S_2F_9	3.821965	0.347844
Zx.0090_P2	nil	P4241	0.451645	0.317689
Zx.0090_P2	nil	P4257	0.585498	0.306604
Zx.0090_P2	nil	P4242	0.473938	0.327202
Zx.0090_P2	nil	P4258	0.434142	0.32614
Zx.0090_P2	nil	P4239	0.624619	0.327732
Zx.0090_P2	nil	P4247	0.334991	0.310166
Zx.0090_P2	nil	P4255	0.252398	0.288323
Zx.0090_P2	nil	P4263	0.209248	0.342945
Zx.0090_P2	nil	P4240	0.747917	0.297794
Zx.0090_P2	nil	P4256	0.266254	0.31246
Zx.0090_P2	nil	P4264	0.230246	0.295168
Zx.0500_P2	nil	P4313	0.568419	0.329801
Zx.0500_P2	nil	P4314	0.320525	0.311224
Zx.0500_P2	nil	P4315	0.077131	0.325811
Zx.0500_P2	nil	P4316	0.631598	0.311722
Zx.0500_P2	nil	P4309	0.422931	0.312183
Zx.0500_P2	nil	P4317	0.605803	0.344442
Zx.0500_P2	nil	P4310	0.290367	0.355693
Zx.0500_P2	nil	P4318	0.490127	0.331223
Zx.0500_P2	nil	P4311	0.278942	0.324086
Zx.0500_P2	nil	P4319	0.413629	0.308762
Zx.0500_P2	nil	P4312	0.000004	0.982232
Zx.0090_P2	nil	PN3_SID278	0.32678	0.290795
Zx.0090_P2	nil	PN3_SID279	0.395769	0.265615
Zx.0090_P2	nil	PN3_SID280	0.364129	0.26147
Zx.0090_P2	nil	PN3_SID281	0.316307	0.268588
Zx.0090_P2	nil	PN3_SID282	0.352236	0.247992
Zx.0090_P2	nil	PN3_SID283	0.395772	0.263281
Zx.0090_P2	nil	PN3_SID284	0.301689	0.280557
Zx.0090_P2	nil	PN3_SID285	0.366554	0.244238
Zx.0090_P2	nil	PN3_SID286	0.374061	0.232396
Zx.0090_P2	nil	PN3_SID287	0.426913	0.249363
Zx.0090_P2	nil	PN3_SID288	0.357181	0.279478
Zx.0090_P2	nil	PN4_SID289	0.480619	0.263882
Zx.0500_P2	nil	PN4_SID341	0.400857	0.266119
Zx.0500_P2	nil	PN4_SID342	0.380641	0.271754
Zx.0500_P2	nil	PN4_SID343	0.592042	0.260559
Zx.0500_P2	nil	PN4_SID344	0.519587	0.247106
Zx.0500_P2	nil	PN4_SID345	0.506084	0.283949
Zx.0500_P2	nil	PN4_SID346	0.438456	0.254796
Zx.0500_P2	nil	PN4_SID347	0.368	0.247617
Zx.0500_P2	nil	PN4_SID348	0.367326	0.264646
Zx.0500_P2	nil	PN4_SID349	0.364545	0.27436
Zx.0500_P2	nil	PN4_SID350	0.474578	0.275306
Zx.0500_P2	nil	PN4_SID351	0.424482	0.260998
