sample	sample_donor	role	batch	site_set	ref_reads	alt_reads
P4239	Zx.0090_P2	nil	bc2s3_batch2	Zx.0580_P2	34279	157
P4239	Zx.0090_P2	nil	bc2s3_batch2	Zx.0570_P2	14371	105
P4239	Zx.0090_P2	nil	bc2s3_batch2	Zx.0500_P2	3660	88
P4239	Zx.0090_P2	nil	bc2s3_batch2	Zx.0550_P4	36796	113
P4239	Zx.0090_P2	nil	bc2s3_batch2	Zx.0540_P3	7634	34
P4239	Zx.0090_P2	nil	bc2s3_batch2	Zx.0090_P2	3520	362
P4240	Zx.0090_P2	nil	bc2s3_batch2	Zx.0580_P2	38551	798
P4240	Zx.0090_P2	nil	bc2s3_batch2	Zx.0570_P2	16174	287
P4240	Zx.0090_P2	nil	bc2s3_batch2	Zx.0500_P2	4160	36
P4240	Zx.0090_P2	nil	bc2s3_batch2	Zx.0550_P4	42336	655
P4240	Zx.0090_P2	nil	bc2s3_batch2	Zx.0090_P2	3640	748
P4240	Zx.0090_P2	nil	bc2s3_batch2	Zx.0540_P3	8852	98
P4241	Zx.0090_P2	nil	bc2s3_batch2	Zx.0580_P2	23929	90
P4241	Zx.0090_P2	nil	bc2s3_batch2	Zx.0570_P2	9801	31
P4241	Zx.0090_P2	nil	bc2s3_batch2	Zx.0500_P2	2467	32
P4241	Zx.0090_P2	nil	bc2s3_batch2	Zx.0550_P4	25941	109
P4241	Zx.0090_P2	nil	bc2s3_batch2	Zx.0540_P3	5249	15
P4241	Zx.0090_P2	nil	bc2s3_batch2	Zx.0090_P2	2353	71
P4242	Zx.0090_P2	nil	bc2s3_batch2	Zx.0580_P2	23511	1038
P4242	Zx.0090_P2	nil	bc2s3_batch2	Zx.0570_P2	10077	327
P4242	Zx.0090_P2	nil	bc2s3_batch2	Zx.0500_P2	2548	45
P4242	Zx.0090_P2	nil	bc2s3_batch2	Zx.0550_P4	25636	738
P4242	Zx.0090_P2	nil	bc2s3_batch2	Zx.0540_P3	5745	95
P4242	Zx.0090_P2	nil	bc2s3_batch2	Zx.0090_P2	2200	503
P4247	Zx.0090_P2	nil	bc2s3_batch2	Zx.0580_P2	17979	61
P4247	Zx.0090_P2	nil	bc2s3_batch2	Zx.0570_P2	7632	23
P4247	Zx.0090_P2	nil	bc2s3_batch2	Zx.0500_P2	1838	17
P4247	Zx.0090_P2	nil	bc2s3_batch2	Zx.0550_P4	19683	45
P4247	Zx.0090_P2	nil	bc2s3_batch2	Zx.0540_P3	4208	14
P4247	Zx.0090_P2	nil	bc2s3_batch2	Zx.0090_P2	1824	134
P4255	Zx.0090_P2	nil	bc2s3_batch2	Zx.0580_P2	12422	315
P4255	Zx.0090_P2	nil	bc2s3_batch2	Zx.0570_P2	5342	84
P4255	Zx.0090_P2	nil	bc2s3_batch2	Zx.0500_P2	1244	12
P4255	Zx.0090_P2	nil	bc2s3_batch2	Zx.0550_P4	13869	252
P4255	Zx.0090_P2	nil	bc2s3_batch2	Zx.0090_P2	1133	166
P4255	Zx.0090_P2	nil	bc2s3_batch2	Zx.0540_P3	2928	18
P4256	Zx.0090_P2	nil	bc2s3_batch2	Zx.0580_P2	13470	25
P4256	Zx.0090_P2	nil	bc2s3_batch2	Zx.0570_P2	5887	13
P4256	Zx.0090_P2	nil	bc2s3_batch2	Zx.0500_P2	1410	5
P4256	Zx.0090_P2	nil	bc2s3_batch2	Zx.0550_P4	14768	18
P4256	Zx.0090_P2	nil	bc2s3_batch2	Zx.0090_P2	1349	78
P4256	Zx.0090_P2	nil	bc2s3_batch2	Zx.0540_P3	3204	11
P4257	Zx.0090_P2	nil	bc2s3_batch2	Zx.0580_P2	30089	497
P4257	Zx.0090_P2	nil	bc2s3_batch2	Zx.0570_P2	12632	298
P4257	Zx.0090_P2	nil	bc2s3_batch2	Zx.0500_P2	3030	18
P4257	Zx.0090_P2	nil	bc2s3_batch2	Zx.0550_P4	33288	382
P4257	Zx.0090_P2	nil	bc2s3_batch2	Zx.0090_P2	2936	459
P4257	Zx.0090_P2	nil	bc2s3_batch2	Zx.0540_P3	6664	54
P4258	Zx.0090_P2	nil	bc2s3_batch2	Zx.0580_P2	24451	148
P4258	Zx.0090_P2	nil	bc2s3_batch2	Zx.0570_P2	10115	42
P4258	Zx.0090_P2	nil	bc2s3_batch2	Zx.0500_P2	2590	29
P4258	Zx.0090_P2	nil	bc2s3_batch2	Zx.0550_P4	26104	128
P4258	Zx.0090_P2	nil	bc2s3_batch2	Zx.0090_P2	2429	449
P4258	Zx.0090_P2	nil	bc2s3_batch2	Zx.0540_P3	5361	20
P4263	Zx.0090_P2	nil	bc2s3_batch2	Zx.0580_P2	11426	72
P4263	Zx.0090_P2	nil	bc2s3_batch2	Zx.0570_P2	4890	36
P4263	Zx.0090_P2	nil	bc2s3_batch2	Zx.0500_P2	1247	6
P4263	Zx.0090_P2	nil	bc2s3_batch2	Zx.0550_P4	12400	80
P4263	Zx.0090_P2	nil	bc2s3_batch2	Zx.0540_P3	2648	21
P4263	Zx.0090_P2	nil	bc2s3_batch2	Zx.0090_P2	1243	287
P4264	Zx.0090_P2	nil	bc2s3_batch2	Zx.0580_P2	11852	29
P4264	Zx.0090_P2	nil	bc2s3_batch2	Zx.0570_P2	5089	21
P4264	Zx.0090_P2	nil	bc2s3_batch2	Zx.0500_P2	1213	2
P4264	Zx.0090_P2	nil	bc2s3_batch2	Zx.0550_P4	12669	23
P4264	Zx.0090_P2	nil	bc2s3_batch2	Zx.0090_P2	1184	96
P4264	Zx.0090_P2	nil	bc2s3_batch2	Zx.0540_P3	2589	3
P4309	Zx.0500_P2	nil	bc2s3_batch2	Zx.0580_P2	19304	3164
P4309	Zx.0500_P2	nil	bc2s3_batch2	Zx.0570_P2	7965	1193
P4309	Zx.0500_P2	nil	bc2s3_batch2	Zx.0500_P2	2379	1948
P4309	Zx.0500_P2	nil	bc2s3_batch2	Zx.0550_P4	19964	3155
P4309	Zx.0500_P2	nil	bc2s3_batch2	Zx.0090_P2	1960	182
P4309	Zx.0500_P2	nil	bc2s3_batch2	Zx.0540_P3	4615	525
P4310	Zx.0500_P2	nil	bc2s3_batch2	Zx.0580_P2	11692	3294
P4310	Zx.0500_P2	nil	bc2s3_batch2	Zx.0570_P2	5093	1356
P4310	Zx.0500_P2	nil	bc2s3_batch2	Zx.0500_P2	1089	1369
P4310	Zx.0500_P2	nil	bc2s3_batch2	Zx.0550_P4	13477	3076
P4310	Zx.0500_P2	nil	bc2s3_batch2	Zx.0540_P3	2966	589
P4310	Zx.0500_P2	nil	bc2s3_batch2	Zx.0090_P2	1320	116
P4311	Zx.0500_P2	nil	bc2s3_batch2	Zx.0580_P2	15714	76
P4311	Zx.0500_P2	nil	bc2s3_batch2	Zx.0570_P2	6445	17
P4311	Zx.0500_P2	nil	bc2s3_batch2	Zx.0500_P2	1845	104
P4311	Zx.0500_P2	nil	bc2s3_batch2	Zx.0550_P4	16996	78
P4311	Zx.0500_P2	nil	bc2s3_batch2	Zx.0090_P2	1377	38
P4311	Zx.0500_P2	nil	bc2s3_batch2	Zx.0540_P3	3533	13
P4313	Zx.0500_P2	nil	bc2s3_batch2	Zx.0580_P2	24761	4916
P4313	Zx.0500_P2	nil	bc2s3_batch2	Zx.0570_P2	10815	1839
P4313	Zx.0500_P2	nil	bc2s3_batch2	Zx.0500_P2	3190	804
P4313	Zx.0500_P2	nil	bc2s3_batch2	Zx.0550_P4	26491	5041
P4313	Zx.0500_P2	nil	bc2s3_batch2	Zx.0090_P2	2225	192
P4313	Zx.0500_P2	nil	bc2s3_batch2	Zx.0540_P3	5521	968
P4314	Zx.0500_P2	nil	bc2s3_batch2	Zx.0580_P2	17406	41
P4314	Zx.0500_P2	nil	bc2s3_batch2	Zx.0570_P2	7390	19
P4314	Zx.0500_P2	nil	bc2s3_batch2	Zx.0500_P2	2064	78
P4314	Zx.0500_P2	nil	bc2s3_batch2	Zx.0550_P4	19092	65
P4314	Zx.0500_P2	nil	bc2s3_batch2	Zx.0090_P2	1459	33
P4314	Zx.0500_P2	nil	bc2s3_batch2	Zx.0540_P3	3958	22
P4315	Zx.0500_P2	nil	bc2s3_batch2	Zx.0580_P2	4254	21
P4315	Zx.0500_P2	nil	bc2s3_batch2	Zx.0570_P2	1775	1
P4315	Zx.0500_P2	nil	bc2s3_batch2	Zx.0500_P2	565	24
P4315	Zx.0500_P2	nil	bc2s3_batch2	Zx.0550_P4	4662	10
P4315	Zx.0500_P2	nil	bc2s3_batch2	Zx.0540_P3	951	3
P4315	Zx.0500_P2	nil	bc2s3_batch2	Zx.0090_P2	416	9
P4316	Zx.0500_P2	nil	bc2s3_batch2	Zx.0580_P2	33037	92
P4316	Zx.0500_P2	nil	bc2s3_batch2	Zx.0570_P2	14159	38
P4316	Zx.0500_P2	nil	bc2s3_batch2	Zx.0500_P2	4068	157
P4316	Zx.0500_P2	nil	bc2s3_batch2	Zx.0550_P4	36191	75
P4316	Zx.0500_P2	nil	bc2s3_batch2	Zx.0090_P2	2959	46
P4316	Zx.0500_P2	nil	bc2s3_batch2	Zx.0540_P3	7911	28
P4317	Zx.0500_P2	nil	bc2s3_batch2	Zx.0580_P2	30197	2238
P4317	Zx.0500_P2	nil	bc2s3_batch2	Zx.0570_P2	12339	805
P4317	Zx.0500_P2	nil	bc2s3_batch2	Zx.0500_P2	3651	670
P4317	Zx.0500_P2	nil	bc2s3_batch2	Zx.0550_P4	33463	1842
P4317	Zx.0500_P2	nil	bc2s3_batch2	Zx.0090_P2	2675	104
P4317	Zx.0500_P2	nil	bc2s3_batch2	Zx.0540_P3	7047	334
P4318	Zx.0500_P2	nil	bc2s3_batch2	Zx.0580_P2	25737	142
P4318	Zx.0500_P2	nil	bc2s3_batch2	Zx.0570_P2	11096	48
P4318	Zx.0500_P2	nil	bc2s3_batch2	Zx.0500_P2	3131	124
P4318	Zx.0500_P2	nil	bc2s3_batch2	Zx.0550_P4	27935	96
P4318	Zx.0500_P2	nil	bc2s3_batch2	Zx.0090_P2	2403	148
P4318	Zx.0500_P2	nil	bc2s3_batch2	Zx.0540_P3	5615	23
P4319	Zx.0500_P2	nil	bc2s3_batch2	Zx.0580_P2	22558	95
P4319	Zx.0500_P2	nil	bc2s3_batch2	Zx.0570_P2	9636	35
P4319	Zx.0500_P2	nil	bc2s3_batch2	Zx.0500_P2	2661	106
P4319	Zx.0500_P2	nil	bc2s3_batch2	Zx.0550_P4	24675	87
P4319	Zx.0500_P2	nil	bc2s3_batch2	Zx.0090_P2	2077	36
P4319	Zx.0500_P2	nil	bc2s3_batch2	Zx.0540_P3	4952	18
PN3_SID278	Zx.0090_P2	nil	bc2s3_batch1	Zx.0580_P2	26156	182
PN3_SID278	Zx.0090_P2	nil	bc2s3_batch1	Zx.0570_P2	14364	73
PN3_SID278	Zx.0090_P2	nil	bc2s3_batch1	Zx.0500_P2	4493	108
PN3_SID278	Zx.0090_P2	nil	bc2s3_batch1	Zx.0550_P4	29249	133
PN3_SID278	Zx.0090_P2	nil	bc2s3_batch1	Zx.0090_P2	2756	276
PN3_SID278	Zx.0090_P2	nil	bc2s3_batch1	Zx.0540_P3	10493	67
PN3_SID279	Zx.0090_P2	nil	bc2s3_batch1	Zx.0580_P2	30893	94
PN3_SID279	Zx.0090_P2	nil	bc2s3_batch1	Zx.0570_P2	17469	73
PN3_SID279	Zx.0090_P2	nil	bc2s3_batch1	Zx.0500_P2	4581	14
PN3_SID279	Zx.0090_P2	nil	bc2s3_batch1	Zx.0550_P4	33992	109
PN3_SID279	Zx.0090_P2	nil	bc2s3_batch1	Zx.0540_P3	12156	53
PN3_SID279	Zx.0090_P2	nil	bc2s3_batch1	Zx.0090_P2	3030	309
PN3_SID280	Zx.0090_P2	nil	bc2s3_batch1	Zx.0580_P2	28620	120
PN3_SID280	Zx.0090_P2	nil	bc2s3_batch1	Zx.0570_P2	15782	82
PN3_SID280	Zx.0090_P2	nil	bc2s3_batch1	Zx.0500_P2	4508	32
PN3_SID280	Zx.0090_P2	nil	bc2s3_batch1	Zx.0550_P4	31799	127
PN3_SID280	Zx.0090_P2	nil	bc2s3_batch1	Zx.0090_P2	2707	299
PN3_SID280	Zx.0090_P2	nil	bc2s3_batch1	Zx.0540_P3	10963	30
PN3_SID281	Zx.0090_P2	nil	bc2s3_batch1	Zx.0580_P2	24379	148
PN3_SID281	Zx.0090_P2	nil	bc2s3_batch1	Zx.0570_P2	13840	38
PN3_SID281	Zx.0090_P2	nil	bc2s3_batch1	Zx.0500_P2	3810	27
PN3_SID281	Zx.0090_P2	nil	bc2s3_batch1	Zx.0550_P4	27156	146
PN3_SID281	Zx.0090_P2	nil	bc2s3_batch1	Zx.0090_P2	2569	194
PN3_SID281	Zx.0090_P2	nil	bc2s3_batch1	Zx.0540_P3	9675	52
PN3_SID282	Zx.0090_P2	nil	bc2s3_batch1	Zx.0580_P2	27301	283
PN3_SID282	Zx.0090_P2	nil	bc2s3_batch1	Zx.0570_P2	15470	325
PN3_SID282	Zx.0090_P2	nil	bc2s3_batch1	Zx.0500_P2	4562	51
PN3_SID282	Zx.0090_P2	nil	bc2s3_batch1	Zx.0550_P4	30820	207
PN3_SID282	Zx.0090_P2	nil	bc2s3_batch1	Zx.0090_P2	2578	276
PN3_SID282	Zx.0090_P2	nil	bc2s3_batch1	Zx.0540_P3	11543	77
PN3_SID283	Zx.0090_P2	nil	bc2s3_batch1	Zx.0580_P2	30881	89
PN3_SID283	Zx.0090_P2	nil	bc2s3_batch1	Zx.0570_P2	16835	60
PN3_SID283	Zx.0090_P2	nil	bc2s3_batch1	Zx.0500_P2	4546	19
PN3_SID283	Zx.0090_P2	nil	bc2s3_batch1	Zx.0550_P4	34209	78
PN3_SID283	Zx.0090_P2	nil	bc2s3_batch1	Zx.0090_P2	3025	150
PN3_SID283	Zx.0090_P2	nil	bc2s3_batch1	Zx.0540_P3	11775	39
PN3_SID284	Zx.0090_P2	nil	bc2s3_batch1	Zx.0580_P2	24463	140
PN3_SID284	Zx.0090_P2	nil	bc2s3_batch1	Zx.0570_P2	13543	60
PN3_SID284	Zx.0090_P2	nil	bc2s3_batch1	Zx.0500_P2	3988	42
PN3_SID284	Zx.0090_P2	nil	bc2s3_batch1	Zx.0550_P4	27213	108
PN3_SID284	Zx.0090_P2	nil	bc2s3_batch1	Zx.0090_P2	2538	172
PN3_SID284	Zx.0090_P2	nil	bc2s3_batch1	Zx.0540_P3	9391	45
PN3_SID285	Zx.0090_P2	nil	bc2s3_batch1	Zx.0580_P2	27946	92
PN3_SID285	Zx.0090_P2	nil	bc2s3_batch1	Zx.0570_P2	15709	56
PN3_SID285	Zx.0090_P2	nil	bc2s3_batch1	Zx.0500_P2	4353	11
PN3_SID285	Zx.0090_P2	nil	bc2s3_batch1	Zx.0550_P4	31142	76
PN3_SID285	Zx.0090_P2	nil	bc2s3_batch1	Zx.0090_P2	2735	109
PN3_SID285	Zx.0090_P2	nil	bc2s3_batch1	Zx.0540_P3	10993	31
PN3_SID286	Zx.0090_P2	nil	bc2s3_batch1	Zx.0580_P2	26342	906
PN3_SID286	Zx.0090_P2	nil	bc2s3_batch1	Zx.0570_P2	15245	251
PN3_SID286	Zx.0090_P2	nil	bc2s3_batch1	Zx.0500_P2	5001	144
PN3_SID286	Zx.0090_P2	nil	bc2s3_batch1	Zx.0550_P4	30377	620
PN3_SID286	Zx.0090_P2	nil	bc2s3_batch1	Zx.0090_P2	2845	644
PN3_SID286	Zx.0090_P2	nil	bc2s3_batch1	Zx.0540_P3	10981	136
PN3_SID287	Zx.0090_P2	nil	bc2s3_batch1	Zx.0580_P2	32165	106
PN3_SID287	Zx.0090_P2	nil	bc2s3_batch1	Zx.0570_P2	18168	54
PN3_SID287	Zx.0090_P2	nil	bc2s3_batch1	Zx.0500_P2	5136	13
PN3_SID287	Zx.0090_P2	nil	bc2s3_batch1	Zx.0550_P4	36026	101
PN3_SID287	Zx.0090_P2	nil	bc2s3_batch1	Zx.0090_P2	3200	155
PN3_SID287	Zx.0090_P2	nil	bc2s3_batch1	Zx.0540_P3	12686	41
PN3_SID288	Zx.0090_P2	nil	bc2s3_batch1	Zx.0580_P2	26248	993
PN3_SID288	Zx.0090_P2	nil	bc2s3_batch1	Zx.0570_P2	14827	371
PN3_SID288	Zx.0090_P2	nil	bc2s3_batch1	Zx.0500_P2	4186	74
PN3_SID288	Zx.0090_P2	nil	bc2s3_batch1	Zx.0550_P4	30673	920
PN3_SID288	Zx.0090_P2	nil	bc2s3_batch1	Zx.0090_P2	2604	603
PN3_SID288	Zx.0090_P2	nil	bc2s3_batch1	Zx.0540_P3	10086	185
PN4_SID289	Zx.0090_P2	nil	bc2s3_batch1	Zx.0580_P2	33750	1604
PN4_SID289	Zx.0090_P2	nil	bc2s3_batch1	Zx.0570_P2	20517	590
PN4_SID289	Zx.0090_P2	nil	bc2s3_batch1	Zx.0500_P2	6199	63
PN4_SID289	Zx.0090_P2	nil	bc2s3_batch1	Zx.0550_P4	38594	1286
PN4_SID289	Zx.0090_P2	nil	bc2s3_batch1	Zx.0090_P2	3409	693
PN4_SID289	Zx.0090_P2	nil	bc2s3_batch1	Zx.0540_P3	14578	250
PN4_SID341	Zx.0500_P2	nil	bc2s3_batch1	Zx.0580_P2	28225	1859
PN4_SID341	Zx.0500_P2	nil	bc2s3_batch1	Zx.0570_P2	16270	797
PN4_SID341	Zx.0500_P2	nil	bc2s3_batch1	Zx.0500_P2	4748	1308
PN4_SID341	Zx.0500_P2	nil	bc2s3_batch1	Zx.0550_P4	31323	2064
PN4_SID341	Zx.0500_P2	nil	bc2s3_batch1	Zx.0090_P2	2994	149
PN4_SID341	Zx.0500_P2	nil	bc2s3_batch1	Zx.0540_P3	11845	485
PN4_SID342	Zx.0500_P2	nil	bc2s3_batch1	Zx.0580_P2	24087	3418
PN4_SID342	Zx.0500_P2	nil	bc2s3_batch1	Zx.0570_P2	13193	1596
PN4_SID342	Zx.0500_P2	nil	bc2s3_batch1	Zx.0500_P2	3037	1925
PN4_SID342	Zx.0500_P2	nil	bc2s3_batch1	Zx.0550_P4	26470	3475
PN4_SID342	Zx.0500_P2	nil	bc2s3_batch1	Zx.0090_P2	2420	169
PN4_SID342	Zx.0500_P2	nil	bc2s3_batch1	Zx.0540_P3	9446	784
PN4_SID343	Zx.0500_P2	nil	bc2s3_batch1	Zx.0580_P2	45071	151
PN4_SID343	Zx.0500_P2	nil	bc2s3_batch1	Zx.0570_P2	25983	49
PN4_SID343	Zx.0500_P2	nil	bc2s3_batch1	Zx.0500_P2	8875	93
PN4_SID343	Zx.0500_P2	nil	bc2s3_batch1	Zx.0550_P4	50920	185
PN4_SID343	Zx.0500_P2	nil	bc2s3_batch1	Zx.0090_P2	4160	109
PN4_SID343	Zx.0500_P2	nil	bc2s3_batch1	Zx.0540_P3	18741	41
PN4_SID344	Zx.0500_P2	nil	bc2s3_batch1	Zx.0580_P2	39513	82
PN4_SID344	Zx.0500_P2	nil	bc2s3_batch1	Zx.0570_P2	22031	68
PN4_SID344	Zx.0500_P2	nil	bc2s3_batch1	Zx.0500_P2	6988	62
PN4_SID344	Zx.0500_P2	nil	bc2s3_batch1	Zx.0550_P4	44084	123
PN4_SID344	Zx.0500_P2	nil	bc2s3_batch1	Zx.0090_P2	3769	29
PN4_SID344	Zx.0500_P2	nil	bc2s3_batch1	Zx.0540_P3	16484	44
PN4_SID345	Zx.0500_P2	nil	bc2s3_batch1	Zx.0580_P2	40183	282
PN4_SID345	Zx.0500_P2	nil	bc2s3_batch1	Zx.0570_P2	23610	115
PN4_SID345	Zx.0500_P2	nil	bc2s3_batch1	Zx.0500_P2	7686	156
PN4_SID345	Zx.0500_P2	nil	bc2s3_batch1	Zx.0550_P4	44926	204
PN4_SID345	Zx.0500_P2	nil	bc2s3_batch1	Zx.0090_P2	3913	99
PN4_SID345	Zx.0500_P2	nil	bc2s3_batch1	Zx.0540_P3	16716	84
PN4_SID346	Zx.0500_P2	nil	bc2s3_batch1	Zx.0580_P2	28846	2608
PN4_SID346	Zx.0500_P2	nil	bc2s3_batch1	Zx.0570_P2	15509	1277
PN4_SID346	Zx.0500_P2	nil	bc2s3_batch1	Zx.0500_P2	5282	901
PN4_SID346	Zx.0500_P2	nil	bc2s3_batch1	Zx.0550_P4	32486	2789
PN4_SID346	Zx.0500_P2	nil	bc2s3_batch1	Zx.0090_P2	2757	93
PN4_SID346	Zx.0500_P2	nil	bc2s3_batch1	Zx.0540_P3	11327	792
PN4_SID347	Zx.0500_P2	nil	bc2s3_batch1	Zx.0580_P2	26544	752
PN4_SID347	Zx.0500_P2	nil	bc2s3_batch1	Zx.0570_P2	15075	333
PN4_SID347	Zx.0500_P2	nil	bc2s3_batch1	Zx.0500_P2	4873	217
PN4_SID347	Zx.0500_P2	nil	bc2s3_batch1	Zx.0550_P4	30628	665
PN4_SID347	Zx.0500_P2	nil	bc2s3_batch1	Zx.0090_P2	2452	73
PN4_SID347	Zx.0500_P2	nil	bc2s3_batch1	Zx.0540_P3	11040	140
PN4_SID348	Zx.0500_P2	nil	bc2s3_batch1	Zx.0580_P2	28724	175
PN4_SID348	Zx.0500_P2	nil	bc2s3_batch1	Zx.0570_P2	16030	64
PN4_SID348	Zx.0500_P2	nil	bc2s3_batch1	Zx.0500_P2	5242	107
PN4_SID348	Zx.0500_P2	nil	bc2s3_batch1	Zx.0550_P4	31783	178
PN4_SID348	Zx.0500_P2	nil	bc2s3_batch1	Zx.0090_P2	2852	67
PN4_SID348	Zx.0500_P2	nil	bc2s3_batch1	Zx.0540_P3	11159	54
PN4_SID349	Zx.0500_P2	nil	bc2s3_batch1	Zx.0580_P2	28524	217
PN4_SID349	Zx.0500_P2	nil	bc2s3_batch1	Zx.0570_P2	16200	103
PN4_SID349	Zx.0500_P2	nil	bc2s3_batch1	Zx.0500_P2	5395	189
PN4_SID349	Zx.0500_P2	nil	bc2s3_batch1	Zx.0550_P4	31764	239
PN4_SID349	Zx.0500_P2	nil	bc2s3_batch1	Zx.0090_P2	2789	92
PN4_SID349	Zx.0500_P2	nil	bc2s3_batch1	Zx.0540_P3	11659	96
PN4_SID350	Zx.0500_P2	nil	bc2s3_batch1	Zx.0580_P2	37556	286
PN4_SID350	Zx.0500_P2	nil	bc2s3_batch1	Zx.0570_P2	21594	104
PN4_SID350	Zx.0500_P2	nil	bc2s3_batch1	Zx.0500_P2	7154	231
PN4_SID350	Zx.0500_P2	nil	bc2s3_batch1	Zx.0550_P4	42249	273
PN4_SID350	Zx.0500_P2	nil	bc2s3_batch1	Zx.0090_P2	3704	112
PN4_SID350	Zx.0500_P2	nil	bc2s3_batch1	Zx.0540_P3	15610	94
PN4_SID351	Zx.0500_P2	nil	bc2s3_batch1	Zx.0580_P2	29333	1799
PN4_SID351	Zx.0500_P2	nil	bc2s3_batch1	Zx.0570_P2	17168	613
PN4_SID351	Zx.0500_P2	nil	bc2s3_batch1	Zx.0500_P2	5084	569
PN4_SID351	Zx.0500_P2	nil	bc2s3_batch1	Zx.0550_P4	34127	1367
PN4_SID351	Zx.0500_P2	nil	bc2s3_batch1	Zx.0090_P2	2797	104
PN4_SID351	Zx.0500_P2	nil	bc2s3_batch1	Zx.0540_P3	12037	318
PN5_SID419	Zx.0550_P4	nil	bc2s3_batch1	Zx.0580_P2	23314	913
PN5_SID419	Zx.0550_P4	nil	bc2s3_batch1	Zx.0570_P2	13222	313
PN5_SID419	Zx.0550_P4	nil	bc2s3_batch1	Zx.0500_P2	3555	65
PN5_SID419	Zx.0550_P4	nil	bc2s3_batch1	Zx.0550_P4	26599	2780
PN5_SID419	Zx.0550_P4	nil	bc2s3_batch1	Zx.0090_P2	2028	19
PN5_SID419	Zx.0550_P4	nil	bc2s3_batch1	Zx.0540_P3	9405	330
PN5_SID424	Zx.0550_P4	nil	bc2s3_batch1	Zx.0580_P2	19478	80
PN5_SID424	Zx.0550_P4	nil	bc2s3_batch1	Zx.0570_P2	10670	48
PN5_SID424	Zx.0550_P4	nil	bc2s3_batch1	Zx.0500_P2	3074	10
PN5_SID424	Zx.0550_P4	nil	bc2s3_batch1	Zx.0550_P4	22736	238
PN5_SID424	Zx.0550_P4	nil	bc2s3_batch1	Zx.0090_P2	1764	14
PN5_SID424	Zx.0550_P4	nil	bc2s3_batch1	Zx.0540_P3	7480	45
PN5_SID432	Zx.0550_P4	nil	bc2s3_batch1	Zx.0580_P2	19325	4326
PN5_SID432	Zx.0550_P4	nil	bc2s3_batch1	Zx.0570_P2	12017	1480
PN5_SID432	Zx.0550_P4	nil	bc2s3_batch1	Zx.0500_P2	3600	354
PN5_SID432	Zx.0550_P4	nil	bc2s3_batch1	Zx.0550_P4	17945	14731
PN5_SID432	Zx.0550_P4	nil	bc2s3_batch1	Zx.0540_P3	8786	1493
PN5_SID432	Zx.0550_P4	nil	bc2s3_batch1	Zx.0090_P2	2025	97
PN5_SID444	Zx.0550_P4	nil	bc2s3_batch1	Zx.0580_P2	17725	2628
PN5_SID444	Zx.0550_P4	nil	bc2s3_batch1	Zx.0570_P2	10870	673
PN5_SID444	Zx.0550_P4	nil	bc2s3_batch1	Zx.0500_P2	3375	112
PN5_SID444	Zx.0550_P4	nil	bc2s3_batch1	Zx.0550_P4	20251	6132
PN5_SID444	Zx.0550_P4	nil	bc2s3_batch1	Zx.0090_P2	1789	126
PN5_SID444	Zx.0550_P4	nil	bc2s3_batch1	Zx.0540_P3	7995	700
PN5_SID452	Zx.0550_P4	nil	bc2s3_batch1	Zx.0580_P2	23469	416
PN5_SID452	Zx.0550_P4	nil	bc2s3_batch1	Zx.0570_P2	13528	119
PN5_SID452	Zx.0550_P4	nil	bc2s3_batch1	Zx.0500_P2	4015	73
PN5_SID452	Zx.0550_P4	nil	bc2s3_batch1	Zx.0550_P4	27183	1425
PN5_SID452	Zx.0550_P4	nil	bc2s3_batch1	Zx.0090_P2	2283	63
PN5_SID452	Zx.0550_P4	nil	bc2s3_batch1	Zx.0540_P3	9626	181
PN5_SID469	Zx.0540_P3	nil	bc2s3_batch1	Zx.0580_P2	21892	273
PN5_SID469	Zx.0540_P3	nil	bc2s3_batch1	Zx.0570_P2	12390	105
PN5_SID469	Zx.0540_P3	nil	bc2s3_batch1	Zx.0500_P2	3740	21
PN5_SID469	Zx.0540_P3	nil	bc2s3_batch1	Zx.0550_P4	24503	231
PN5_SID469	Zx.0540_P3	nil	bc2s3_batch1	Zx.0090_P2	2258	44
PN5_SID469	Zx.0540_P3	nil	bc2s3_batch1	Zx.0540_P3	9498	87
PN5_SID472	Zx.0540_P3	nil	bc2s3_batch1	Zx.0580_P2	20431	87
PN5_SID472	Zx.0540_P3	nil	bc2s3_batch1	Zx.0570_P2	11323	32
PN5_SID472	Zx.0540_P3	nil	bc2s3_batch1	Zx.0500_P2	3148	15
PN5_SID472	Zx.0540_P3	nil	bc2s3_batch1	Zx.0550_P4	22895	149
PN5_SID472	Zx.0540_P3	nil	bc2s3_batch1	Zx.0090_P2	2105	34
PN5_SID472	Zx.0540_P3	nil	bc2s3_batch1	Zx.0540_P3	8257	66
PN5_SID473	Zx.0540_P3	nil	bc2s3_batch1	Zx.0580_P2	29937	203
PN5_SID473	Zx.0540_P3	nil	bc2s3_batch1	Zx.0570_P2	17100	96
PN5_SID473	Zx.0540_P3	nil	bc2s3_batch1	Zx.0500_P2	5001	33
PN5_SID473	Zx.0540_P3	nil	bc2s3_batch1	Zx.0550_P4	33401	171
PN5_SID473	Zx.0540_P3	nil	bc2s3_batch1	Zx.0090_P2	3025	85
PN5_SID473	Zx.0540_P3	nil	bc2s3_batch1	Zx.0540_P3	12588	198
PN6_SID482	Zx.0540_P3	nil	bc2s3_batch1	Zx.0580_P2	22067	795
PN6_SID482	Zx.0540_P3	nil	bc2s3_batch1	Zx.0570_P2	13337	213
PN6_SID482	Zx.0540_P3	nil	bc2s3_batch1	Zx.0500_P2	3971	68
PN6_SID482	Zx.0540_P3	nil	bc2s3_batch1	Zx.0550_P4	25086	1013
PN6_SID482	Zx.0540_P3	nil	bc2s3_batch1	Zx.0090_P2	2365	52
PN6_SID482	Zx.0540_P3	nil	bc2s3_batch1	Zx.0540_P3	10252	567
PN6_SID502	Zx.0540_P3	nil	bc2s3_batch1	Zx.0580_P2	19666	3057
PN6_SID502	Zx.0540_P3	nil	bc2s3_batch1	Zx.0570_P2	12030	1092
PN6_SID502	Zx.0540_P3	nil	bc2s3_batch1	Zx.0500_P2	3766	249
PN6_SID502	Zx.0540_P3	nil	bc2s3_batch1	Zx.0550_P4	22824	3124
PN6_SID502	Zx.0540_P3	nil	bc2s3_batch1	Zx.0090_P2	2221	51
PN6_SID502	Zx.0540_P3	nil	bc2s3_batch1	Zx.0540_P3	8284	2437
PN7_SID630	Zx.0580_P2	nil	bc2s3_batch1	Zx.0580_P2	37930	377
PN7_SID630	Zx.0580_P2	nil	bc2s3_batch1	Zx.0570_P2	21103	190
PN7_SID630	Zx.0580_P2	nil	bc2s3_batch1	Zx.0500_P2	6449	66
PN7_SID630	Zx.0580_P2	nil	bc2s3_batch1	Zx.0550_P4	40558	241
PN7_SID630	Zx.0580_P2	nil	bc2s3_batch1	Zx.0090_P2	3477	40
PN7_SID630	Zx.0580_P2	nil	bc2s3_batch1	Zx.0540_P3	15105	90
PN7_SID658	Zx.0580_P2	nil	bc2s3_batch1	Zx.0580_P2	27680	246
PN7_SID658	Zx.0580_P2	nil	bc2s3_batch1	Zx.0570_P2	15277	85
PN7_SID658	Zx.0580_P2	nil	bc2s3_batch1	Zx.0500_P2	4834	14
PN7_SID658	Zx.0580_P2	nil	bc2s3_batch1	Zx.0550_P4	29283	111
PN7_SID658	Zx.0580_P2	nil	bc2s3_batch1	Zx.0090_P2	2779	23
PN7_SID658	Zx.0580_P2	nil	bc2s3_batch1	Zx.0540_P3	11296	71
PN7_SID669	Zx.0580_P2	nil	bc2s3_batch1	Zx.0580_P2	27986	384
PN7_SID669	Zx.0580_P2	nil	bc2s3_batch1	Zx.0570_P2	15363	102
PN7_SID669	Zx.0580_P2	nil	bc2s3_batch1	Zx.0500_P2	4574	45
PN7_SID669	Zx.0580_P2	nil	bc2s3_batch1	Zx.0550_P4	29852	193
PN7_SID669	Zx.0580_P2	nil	bc2s3_batch1	Zx.0540_P3	11549	69
PN7_SID669	Zx.0580_P2	nil	bc2s3_batch1	Zx.0090_P2	2662	26
PN8_SID679	Zx.0580_P2	nil	bc2s3_batch1	Zx.0580_P2	35744	2631
PN8_SID679	Zx.0580_P2	nil	bc2s3_batch1	Zx.0570_P2	21413	362
PN8_SID679	Zx.0580_P2	nil	bc2s3_batch1	Zx.0500_P2	7022	57
PN8_SID679	Zx.0580_P2	nil	bc2s3_batch1	Zx.0550_P4	40359	657
PN8_SID679	Zx.0580_P2	nil	bc2s3_batch1	Zx.0090_P2	3655	103
PN8_SID679	Zx.0580_P2	nil	bc2s3_batch1	Zx.0540_P3	15948	226
PN8_SID680	Zx.0580_P2	nil	bc2s3_batch1	Zx.0580_P2	30393	1102
PN8_SID680	Zx.0580_P2	nil	bc2s3_batch1	Zx.0570_P2	17123	297
PN8_SID680	Zx.0580_P2	nil	bc2s3_batch1	Zx.0500_P2	4624	57
PN8_SID680	Zx.0580_P2	nil	bc2s3_batch1	Zx.0550_P4	34180	769
PN8_SID680	Zx.0580_P2	nil	bc2s3_batch1	Zx.0540_P3	11934	151
PN8_SID680	Zx.0580_P2	nil	bc2s3_batch1	Zx.0090_P2	2635	132
PN8_SID759	Zx.0570_P2	nil	bc2s3_batch1	Zx.0580_P2	27353	208
PN8_SID759	Zx.0570_P2	nil	bc2s3_batch1	Zx.0570_P2	16101	151
PN8_SID759	Zx.0570_P2	nil	bc2s3_batch1	Zx.0500_P2	4198	20
PN8_SID759	Zx.0570_P2	nil	bc2s3_batch1	Zx.0550_P4	30243	142
PN8_SID759	Zx.0570_P2	nil	bc2s3_batch1	Zx.0540_P3	10807	43
PN8_SID759	Zx.0570_P2	nil	bc2s3_batch1	Zx.0090_P2	2569	48
PN8_SID763	Zx.0570_P2	nil	bc2s3_batch1	Zx.0580_P2	35272	232
PN8_SID763	Zx.0570_P2	nil	bc2s3_batch1	Zx.0570_P2	21132	173
PN8_SID763	Zx.0570_P2	nil	bc2s3_batch1	Zx.0500_P2	5475	38
PN8_SID763	Zx.0570_P2	nil	bc2s3_batch1	Zx.0550_P4	39762	174
PN8_SID763	Zx.0570_P2	nil	bc2s3_batch1	Zx.0090_P2	3330	27
PN8_SID763	Zx.0570_P2	nil	bc2s3_batch1	Zx.0540_P3	14478	36
PN8_SID765	Zx.0570_P2	nil	bc2s3_batch1	Zx.0580_P2	30154	136
PN8_SID765	Zx.0570_P2	nil	bc2s3_batch1	Zx.0570_P2	17510	161
PN8_SID765	Zx.0570_P2	nil	bc2s3_batch1	Zx.0500_P2	4800	25
PN8_SID765	Zx.0570_P2	nil	bc2s3_batch1	Zx.0550_P4	33612	161
PN8_SID765	Zx.0570_P2	nil	bc2s3_batch1	Zx.0090_P2	2770	45
PN8_SID765	Zx.0570_P2	nil	bc2s3_batch1	Zx.0540_P3	12253	48
PN8_SID766	Zx.0570_P2	nil	bc2s3_batch1	Zx.0580_P2	30394	167
PN8_SID766	Zx.0570_P2	nil	bc2s3_batch1	Zx.0570_P2	18653	181
PN8_SID766	Zx.0570_P2	nil	bc2s3_batch1	Zx.0500_P2	5752	24
PN8_SID766	Zx.0570_P2	nil	bc2s3_batch1	Zx.0550_P4	34321	141
PN8_SID766	Zx.0570_P2	nil	bc2s3_batch1	Zx.0090_P2	2948	34
PN8_SID766	Zx.0570_P2	nil	bc2s3_batch1	Zx.0540_P3	12726	53
PN9_SID776	Zx.0570_P2	nil	bc2s3_batch1	Zx.0580_P2	24684	66
PN9_SID776	Zx.0570_P2	nil	bc2s3_batch1	Zx.0570_P2	14319	81
PN9_SID776	Zx.0570_P2	nil	bc2s3_batch1	Zx.0500_P2	3923	11
PN9_SID776	Zx.0570_P2	nil	bc2s3_batch1	Zx.0550_P4	27848	48
PN9_SID776	Zx.0570_P2	nil	bc2s3_batch1	Zx.0540_P3	9556	20
PN9_SID776	Zx.0570_P2	nil	bc2s3_batch1	Zx.0090_P2	2232	11
S_2A_11	Zx.0540_P3	bc1_sample	bc1	Zx.0580_P2	97541	26517
S_2A_11	Zx.0540_P3	bc1_sample	bc1	Zx.0570_P2	44575	7426
S_2A_11	Zx.0540_P3	bc1_sample	bc1	Zx.0500_P2	12681	1222
S_2A_11	Zx.0540_P3	bc1_sample	bc1	Zx.0550_P4	104906	30530
S_2A_11	Zx.0540_P3	bc1_sample	bc1	Zx.0090_P2	10621	980
S_2A_11	Zx.0540_P3	bc1_sample	bc1	Zx.0540_P3	21765	12690
S_2A_3	Zx.0540_P3	bc1_sample	bc1	Zx.0580_P2	244414	30340
S_2A_3	Zx.0540_P3	bc1_sample	bc1	Zx.0570_P2	107294	8264
S_2A_3	Zx.0540_P3	bc1_sample	bc1	Zx.0500_P2	28932	1846
S_2A_3	Zx.0540_P3	bc1_sample	bc1	Zx.0550_P4	263086	35418
S_2A_3	Zx.0540_P3	bc1_sample	bc1	Zx.0090_P2	23696	1596
S_2A_3	Zx.0540_P3	bc1_sample	bc1	Zx.0540_P3	56732	15533
S_2A_6	Zx.0090_P2	bc1_sample	bc1	Zx.0580_P2	233241	41760
S_2A_6	Zx.0090_P2	bc1_sample	bc1	Zx.0570_P2	100131	14368
S_2A_6	Zx.0090_P2	bc1_sample	bc1	Zx.0500_P2	30771	4678
S_2A_6	Zx.0090_P2	bc1_sample	bc1	Zx.0550_P4	254904	40442
S_2A_6	Zx.0090_P2	bc1_sample	bc1	Zx.0090_P2	23884	9423
S_2A_6	Zx.0090_P2	bc1_sample	bc1	Zx.0540_P3	56772	6403
S_2B_12	Zx.0090_P2	bc1_sample	bc1	Zx.0580_P2	132369	7949
S_2B_12	Zx.0090_P2	bc1_sample	bc1	Zx.0570_P2	56635	2893
S_2B_12	Zx.0090_P2	bc1_sample	bc1	Zx.0500_P2	15204	980
S_2B_12	Zx.0090_P2	bc1_sample	bc1	Zx.0550_P4	143706	7574
S_2B_12	Zx.0090_P2	bc1_sample	bc1	Zx.0090_P2	13500	3690
S_2B_12	Zx.0090_P2	bc1_sample	bc1	Zx.0540_P3	30428	1467
S_2B_2	Zx.0090_P2	bc1_sample	bc1	Zx.0580_P2	331073	15264
S_2B_2	Zx.0090_P2	bc1_sample	bc1	Zx.0570_P2	143368	5457
S_2B_2	Zx.0090_P2	bc1_sample	bc1	Zx.0500_P2	37261	1772
S_2B_2	Zx.0090_P2	bc1_sample	bc1	Zx.0550_P4	363965	13696
S_2B_2	Zx.0090_P2	bc1_sample	bc1	Zx.0090_P2	32601	8567
S_2B_2	Zx.0090_P2	bc1_sample	bc1	Zx.0540_P3	78549	2354
S_2B_7	Zx.0550_P4	bc1_sample	bc1	Zx.0580_P2	184667	43554
S_2B_7	Zx.0550_P4	bc1_sample	bc1	Zx.0570_P2	83785	12629
S_2B_7	Zx.0550_P4	bc1_sample	bc1	Zx.0500_P2	23350	2402
S_2B_7	Zx.0550_P4	bc1_sample	bc1	Zx.0550_P4	188388	94145
S_2B_7	Zx.0550_P4	bc1_sample	bc1	Zx.0090_P2	19790	1727
S_2B_7	Zx.0550_P4	bc1_sample	bc1	Zx.0540_P3	43514	9641
S_2B_8	Zx.0540_P3	bc1_sample	bc1	Zx.0580_P2	214936	51977
S_2B_8	Zx.0540_P3	bc1_sample	bc1	Zx.0570_P2	97063	14438
S_2B_8	Zx.0540_P3	bc1_sample	bc1	Zx.0500_P2	27162	3085
S_2B_8	Zx.0540_P3	bc1_sample	bc1	Zx.0550_P4	228357	61802
S_2B_8	Zx.0540_P3	bc1_sample	bc1	Zx.0090_P2	23246	2162
S_2B_8	Zx.0540_P3	bc1_sample	bc1	Zx.0540_P3	47432	24150
S_2C_10	Zx.0090_P2	bc1_sample	bc1	Zx.0580_P2	148423	13986
S_2C_10	Zx.0090_P2	bc1_sample	bc1	Zx.0570_P2	63527	4677
S_2C_10	Zx.0090_P2	bc1_sample	bc1	Zx.0500_P2	17203	1118
S_2C_10	Zx.0090_P2	bc1_sample	bc1	Zx.0550_P4	161882	13370
S_2C_10	Zx.0090_P2	bc1_sample	bc1	Zx.0090_P2	14563	4425
S_2C_10	Zx.0090_P2	bc1_sample	bc1	Zx.0540_P3	35564	2164
S_2C_3	Zx.0500_P2	bc1_sample	bc1	Zx.0580_P2	189401	11144
S_2C_3	Zx.0500_P2	bc1_sample	bc1	Zx.0570_P2	80836	4136
S_2C_3	Zx.0500_P2	bc1_sample	bc1	Zx.0500_P2	22901	6400
S_2C_3	Zx.0500_P2	bc1_sample	bc1	Zx.0550_P4	205406	10936
S_2C_3	Zx.0500_P2	bc1_sample	bc1	Zx.0090_P2	18491	1557
S_2C_3	Zx.0500_P2	bc1_sample	bc1	Zx.0540_P3	44879	2106
S_2C_5	Zx.0550_P4	bc1_sample	bc1	Zx.0580_P2	214723	32317
S_2C_5	Zx.0550_P4	bc1_sample	bc1	Zx.0570_P2	97992	8854
S_2C_5	Zx.0550_P4	bc1_sample	bc1	Zx.0500_P2	27415	1995
S_2C_5	Zx.0550_P4	bc1_sample	bc1	Zx.0550_P4	218511	92537
S_2C_5	Zx.0550_P4	bc1_sample	bc1	Zx.0090_P2	22606	1932
S_2C_5	Zx.0550_P4	bc1_sample	bc1	Zx.0540_P3	53937	6993
S_2D_1	Zx.0500_P2	bc1_sample	bc1	Zx.0580_P2	206198	29582
S_2D_1	Zx.0500_P2	bc1_sample	bc1	Zx.0570_P2	88669	10979
S_2D_1	Zx.0500_P2	bc1_sample	bc1	Zx.0500_P2	25187	13562
S_2D_1	Zx.0500_P2	bc1_sample	bc1	Zx.0550_P4	223503	28869
S_2D_1	Zx.0500_P2	bc1_sample	bc1	Zx.0090_P2	21758	2582
S_2D_1	Zx.0500_P2	bc1_sample	bc1	Zx.0540_P3	50469	5231
S_2D_11	Zx.0500_P2	bc1_sample	bc1	Zx.0580_P2	101292	8121
S_2D_11	Zx.0500_P2	bc1_sample	bc1	Zx.0570_P2	43906	2838
S_2D_11	Zx.0500_P2	bc1_sample	bc1	Zx.0500_P2	12955	2881
S_2D_11	Zx.0500_P2	bc1_sample	bc1	Zx.0550_P4	109673	8367
S_2D_11	Zx.0500_P2	bc1_sample	bc1	Zx.0090_P2	10284	959
S_2D_11	Zx.0500_P2	bc1_sample	bc1	Zx.0540_P3	24051	1417
S_2D_3	Zx.0550_P4	bc1_sample	bc1	Zx.0580_P2	203338	40052
S_2D_3	Zx.0550_P4	bc1_sample	bc1	Zx.0570_P2	92508	11387
S_2D_3	Zx.0550_P4	bc1_sample	bc1	Zx.0500_P2	25052	2396
S_2D_3	Zx.0550_P4	bc1_sample	bc1	Zx.0550_P4	201551	99646
S_2D_3	Zx.0550_P4	bc1_sample	bc1	Zx.0090_P2	20691	1594
S_2D_3	Zx.0550_P4	bc1_sample	bc1	Zx.0540_P3	49284	8251
S_2D_8	Zx.0090_P2	bc1_sample	bc1	Zx.0580_P2	192459	26823
S_2D_8	Zx.0090_P2	bc1_sample	bc1	Zx.0570_P2	82945	8861
S_2D_8	Zx.0090_P2	bc1_sample	bc1	Zx.0500_P2	24266	3086
S_2D_8	Zx.0090_P2	bc1_sample	bc1	Zx.0550_P4	208389	26657
S_2D_8	Zx.0090_P2	bc1_sample	bc1	Zx.0090_P2	20321	8362
S_2D_8	Zx.0090_P2	bc1_sample	bc1	Zx.0540_P3	46081	4943
S_2E_10	Zx.0500_P2	bc1_sample	bc1	Zx.0580_P2	160890	21163
S_2E_10	Zx.0500_P2	bc1_sample	bc1	Zx.0570_P2	69066	7124
S_2E_10	Zx.0500_P2	bc1_sample	bc1	Zx.0500_P2	19041	5759
S_2E_10	Zx.0500_P2	bc1_sample	bc1	Zx.0550_P4	174395	21527
S_2E_10	Zx.0500_P2	bc1_sample	bc1	Zx.0090_P2	15886	1712
S_2E_10	Zx.0500_P2	bc1_sample	bc1	Zx.0540_P3	37994	3484
S_2E_2	Zx.0550_P4	bc1_sample	bc1	Zx.0580_P2	267346	21878
S_2E_2	Zx.0550_P4	bc1_sample	bc1	Zx.0570_P2	118424	5911
S_2E_2	Zx.0550_P4	bc1_sample	bc1	Zx.0500_P2	31407	1766
S_2E_2	Zx.0550_P4	bc1_sample	bc1	Zx.0550_P4	279988	65567
S_2E_2	Zx.0550_P4	bc1_sample	bc1	Zx.0090_P2	26627	1648
S_2E_2	Zx.0550_P4	bc1_sample	bc1	Zx.0540_P3	64326	4828
S_2F_1	Zx.0540_P3	bc1_sample	bc1	Zx.0580_P2	161043	26536
S_2F_1	Zx.0540_P3	bc1_sample	bc1	Zx.0570_P2	71713	7441
S_2F_1	Zx.0540_P3	bc1_sample	bc1	Zx.0500_P2	19291	1316
S_2F_1	Zx.0540_P3	bc1_sample	bc1	Zx.0550_P4	166383	42145
S_2F_1	Zx.0540_P3	bc1_sample	bc1	Zx.0090_P2	16384	1190
S_2F_1	Zx.0540_P3	bc1_sample	bc1	Zx.0540_P3	38122	10296
S_2F_12	Zx.0540_P3	bc1_sample	bc1	Zx.0580_P2	92704	16687
S_2F_12	Zx.0540_P3	bc1_sample	bc1	Zx.0570_P2	40810	4635
S_2F_12	Zx.0540_P3	bc1_sample	bc1	Zx.0500_P2	11324	770
S_2F_12	Zx.0540_P3	bc1_sample	bc1	Zx.0550_P4	101313	18361
S_2F_12	Zx.0540_P3	bc1_sample	bc1	Zx.0090_P2	9575	710
S_2F_12	Zx.0540_P3	bc1_sample	bc1	Zx.0540_P3	21218	7673
S_2F_9	Zx.0500_P2	bc1_sample	bc1	Zx.0580_P2	194253	16789
S_2F_9	Zx.0500_P2	bc1_sample	bc1	Zx.0570_P2	82429	6115
S_2F_9	Zx.0500_P2	bc1_sample	bc1	Zx.0500_P2	23437	7244
S_2F_9	Zx.0500_P2	bc1_sample	bc1	Zx.0550_P4	211384	16206
S_2F_9	Zx.0500_P2	bc1_sample	bc1	Zx.0090_P2	19294	1765
S_2F_9	Zx.0500_P2	bc1_sample	bc1	Zx.0540_P3	45186	2729
S_2H_1	Zx.0570_P2	bc1_sample	bc1	Zx.0580_P2	222876	47190
S_2H_1	Zx.0570_P2	bc1_sample	bc1	Zx.0570_P2	95824	30407
S_2H_1	Zx.0570_P2	bc1_sample	bc1	Zx.0500_P2	28631	1741
S_2H_1	Zx.0570_P2	bc1_sample	bc1	Zx.0550_P4	259501	33282
S_2H_1	Zx.0570_P2	bc1_sample	bc1	Zx.0090_P2	23904	2132
S_2H_1	Zx.0570_P2	bc1_sample	bc1	Zx.0540_P3	57802	5018
S_3A_12	Zx.0580_P2	bc1_sample	bc1	Zx.0580_P2	259960	77190
S_3A_12	Zx.0580_P2	bc1_sample	bc1	Zx.0570_P2	121124	11313
S_3A_12	Zx.0580_P2	bc1_sample	bc1	Zx.0500_P2	35645	1936
S_3A_12	Zx.0580_P2	bc1_sample	bc1	Zx.0550_P4	302802	28851
S_3A_12	Zx.0580_P2	bc1_sample	bc1	Zx.0090_P2	27414	1918
S_3A_12	Zx.0580_P2	bc1_sample	bc1	Zx.0540_P3	66988	4409
S_3B_10	Zx.0580_P2	bc1_sample	bc1	Zx.0580_P2	176358	12070
S_3B_10	Zx.0580_P2	bc1_sample	bc1	Zx.0570_P2	79519	1617
S_3B_10	Zx.0580_P2	bc1_sample	bc1	Zx.0500_P2	21876	776
S_3B_10	Zx.0580_P2	bc1_sample	bc1	Zx.0550_P4	198476	4213
S_3B_10	Zx.0580_P2	bc1_sample	bc1	Zx.0090_P2	17921	793
S_3B_10	Zx.0580_P2	bc1_sample	bc1	Zx.0540_P3	42751	822
S_3B_11	Zx.0570_P2	bc1_sample	bc1	Zx.0580_P2	148473	17225
S_3B_11	Zx.0570_P2	bc1_sample	bc1	Zx.0570_P2	61703	17899
S_3B_11	Zx.0570_P2	bc1_sample	bc1	Zx.0500_P2	17100	884
S_3B_11	Zx.0570_P2	bc1_sample	bc1	Zx.0550_P4	165326	12926
S_3B_11	Zx.0570_P2	bc1_sample	bc1	Zx.0090_P2	14745	1271
S_3B_11	Zx.0570_P2	bc1_sample	bc1	Zx.0540_P3	35443	1950
S_3C_8	Zx.0580_P2	bc1_sample	bc1	Zx.0580_P2	171279	62178
S_3C_8	Zx.0580_P2	bc1_sample	bc1	Zx.0570_P2	79981	9726
S_3C_8	Zx.0580_P2	bc1_sample	bc1	Zx.0500_P2	23975	1648
S_3C_8	Zx.0580_P2	bc1_sample	bc1	Zx.0550_P4	202569	24628
S_3C_8	Zx.0580_P2	bc1_sample	bc1	Zx.0090_P2	19096	1818
S_3C_8	Zx.0580_P2	bc1_sample	bc1	Zx.0540_P3	44564	4098
S_3C_9	Zx.0570_P2	bc1_sample	bc1	Zx.0580_P2	171720	34830
S_3C_9	Zx.0570_P2	bc1_sample	bc1	Zx.0570_P2	63563	36480
S_3C_9	Zx.0570_P2	bc1_sample	bc1	Zx.0500_P2	23591	2462
S_3C_9	Zx.0570_P2	bc1_sample	bc1	Zx.0550_P4	189967	28917
S_3C_9	Zx.0570_P2	bc1_sample	bc1	Zx.0090_P2	18669	2011
S_3C_9	Zx.0570_P2	bc1_sample	bc1	Zx.0540_P3	42953	4258
S_3D_7	Zx.0580_P2	bc1_sample	bc1	Zx.0580_P2	122308	59013
S_3D_7	Zx.0580_P2	bc1_sample	bc1	Zx.0570_P2	59949	10323
S_3D_7	Zx.0580_P2	bc1_sample	bc1	Zx.0500_P2	17106	1040
S_3D_7	Zx.0580_P2	bc1_sample	bc1	Zx.0550_P4	155957	21553
S_3D_7	Zx.0580_P2	bc1_sample	bc1	Zx.0090_P2	13910	1398
S_3D_7	Zx.0580_P2	bc1_sample	bc1	Zx.0540_P3	33250	3656
S_3D_8	Zx.0570_P2	bc1_sample	bc1	Zx.0580_P2	142317	37352
S_3D_8	Zx.0570_P2	bc1_sample	bc1	Zx.0570_P2	60183	26659
S_3D_8	Zx.0570_P2	bc1_sample	bc1	Zx.0500_P2	19404	2001
S_3D_8	Zx.0570_P2	bc1_sample	bc1	Zx.0550_P4	165362	27410
S_3D_8	Zx.0570_P2	bc1_sample	bc1	Zx.0090_P2	15599	1786
S_3D_8	Zx.0570_P2	bc1_sample	bc1	Zx.0540_P3	37495	4150
S_3E_6	Zx.0580_P2	bc1_sample	bc1	Zx.0580_P2	196275	113875
S_3E_6	Zx.0580_P2	bc1_sample	bc1	Zx.0570_P2	99946	19838
S_3E_6	Zx.0580_P2	bc1_sample	bc1	Zx.0500_P2	30819	2695
S_3E_6	Zx.0580_P2	bc1_sample	bc1	Zx.0550_P4	255095	42812
S_3E_6	Zx.0580_P2	bc1_sample	bc1	Zx.0090_P2	23262	2272
S_3E_6	Zx.0580_P2	bc1_sample	bc1	Zx.0540_P3	56141	7392
S_3E_7	Zx.0570_P2	bc1_sample	bc1	Zx.0580_P2	163725	16552
S_3E_7	Zx.0570_P2	bc1_sample	bc1	Zx.0570_P2	68610	16063
S_3E_7	Zx.0570_P2	bc1_sample	bc1	Zx.0500_P2	19703	1189
S_3E_7	Zx.0570_P2	bc1_sample	bc1	Zx.0550_P4	179321	13661
S_3E_7	Zx.0570_P2	bc1_sample	bc1	Zx.0090_P2	16272	1426
S_3E_7	Zx.0570_P2	bc1_sample	bc1	Zx.0540_P3	39466	2105
B73_ERR3288215	B73	control	wgs	Zx.0580_P2	630779	456
B73_ERR3288215	B73	control	wgs	Zx.0570_P2	259763	176
B73_ERR3288215	B73	control	wgs	Zx.0500_P2	60033	36
B73_ERR3288215	B73	control	wgs	Zx.0550_P4	674376	477
B73_ERR3288215	B73	control	wgs	Zx.0090_P2	53409	44
B73_ERR3288215	B73	control	wgs	Zx.0540_P3	136279	95
P4013	B73	check	bc2s3_batch2	Zx.0580_P2	32515	10
P4013	B73	check	bc2s3_batch2	Zx.0570_P2	13999	2
P4013	B73	check	bc2s3_batch2	Zx.0500_P2	3615	0
P4013	B73	check	bc2s3_batch2	Zx.0550_P4	35780	5
P4013	B73	check	bc2s3_batch2	Zx.0090_P2	2906	2
P4013	B73	check	bc2s3_batch2	Zx.0540_P3	7364	3
P4024	B73	check	bc2s3_batch2	Zx.0580_P2	31321	6
P4024	B73	check	bc2s3_batch2	Zx.0570_P2	13178	4
P4024	B73	check	bc2s3_batch2	Zx.0500_P2	3116	2
P4024	B73	check	bc2s3_batch2	Zx.0550_P4	33919	10
P4024	B73	check	bc2s3_batch2	Zx.0090_P2	2724	1
P4024	B73	check	bc2s3_batch2	Zx.0540_P3	7350	9
P4051	B73	check	bc2s3_batch2	Zx.0580_P2	14590	4
P4051	B73	check	bc2s3_batch2	Zx.0570_P2	6164	2
P4051	B73	check	bc2s3_batch2	Zx.0500_P2	1417	0
P4051	B73	check	bc2s3_batch2	Zx.0550_P4	15769	2
P4051	B73	check	bc2s3_batch2	Zx.0090_P2	1247	0
P4051	B73	check	bc2s3_batch2	Zx.0540_P3	3306	2
P4091	B73	check	bc2s3_batch2	Zx.0580_P2	15231	4
P4091	B73	check	bc2s3_batch2	Zx.0570_P2	6309	1
P4091	B73	check	bc2s3_batch2	Zx.0500_P2	1569	0
P4091	B73	check	bc2s3_batch2	Zx.0550_P4	16505	6
P4091	B73	check	bc2s3_batch2	Zx.0090_P2	1288	0
P4091	B73	check	bc2s3_batch2	Zx.0540_P3	3313	2
P4092	B73	check	bc2s3_batch2	Zx.0580_P2	26331	7
P4092	B73	check	bc2s3_batch2	Zx.0570_P2	11072	5
P4092	B73	check	bc2s3_batch2	Zx.0500_P2	2833	0
P4092	B73	check	bc2s3_batch2	Zx.0550_P4	28434	6
P4092	B73	check	bc2s3_batch2	Zx.0090_P2	2273	2
P4092	B73	check	bc2s3_batch2	Zx.0540_P3	5882	2
P4107	B73	check	bc2s3_batch2	Zx.0580_P2	19139	5
P4107	B73	check	bc2s3_batch2	Zx.0570_P2	7923	1
P4107	B73	check	bc2s3_batch2	Zx.0500_P2	1980	2
P4107	B73	check	bc2s3_batch2	Zx.0550_P4	20437	8
P4107	B73	check	bc2s3_batch2	Zx.0090_P2	1680	0
P4107	B73	check	bc2s3_batch2	Zx.0540_P3	4173	2
P4119	B73	check	bc2s3_batch2	Zx.0580_P2	44461	12
P4119	B73	check	bc2s3_batch2	Zx.0570_P2	18675	11
P4119	B73	check	bc2s3_batch2	Zx.0500_P2	4649	2
P4119	B73	check	bc2s3_batch2	Zx.0550_P4	48892	17
P4119	B73	check	bc2s3_batch2	Zx.0090_P2	4149	0
P4119	B73	check	bc2s3_batch2	Zx.0540_P3	9852	8
P4180	B73	check	bc2s3_batch2	Zx.0580_P2	10560	3
P4180	B73	check	bc2s3_batch2	Zx.0570_P2	4374	0
P4180	B73	check	bc2s3_batch2	Zx.0500_P2	1116	0
P4180	B73	check	bc2s3_batch2	Zx.0550_P4	11355	2
P4180	B73	check	bc2s3_batch2	Zx.0090_P2	860	2
P4180	B73	check	bc2s3_batch2	Zx.0540_P3	2354	0
P4187	B73	check	bc2s3_batch2	Zx.0580_P2	13805	4
P4187	B73	check	bc2s3_batch2	Zx.0570_P2	5916	0
P4187	B73	check	bc2s3_batch2	Zx.0500_P2	1395	2
P4187	B73	check	bc2s3_batch2	Zx.0550_P4	14531	7
P4187	B73	check	bc2s3_batch2	Zx.0090_P2	1173	1
P4187	B73	check	bc2s3_batch2	Zx.0540_P3	2926	2
P4251	B73	check	bc2s3_batch2	Zx.0580_P2	25005	12
P4251	B73	check	bc2s3_batch2	Zx.0570_P2	10508	3
P4251	B73	check	bc2s3_batch2	Zx.0500_P2	2693	1
P4251	B73	check	bc2s3_batch2	Zx.0550_P4	26786	3
P4251	B73	check	bc2s3_batch2	Zx.0540_P3	5865	2
P4251	B73	check	bc2s3_batch2	Zx.0090_P2	2123	3
P4376	B73	check	bc2s3_batch2	Zx.0580_P2	32441	23
P4376	B73	check	bc2s3_batch2	Zx.0570_P2	13959	7
P4376	B73	check	bc2s3_batch2	Zx.0500_P2	3322	2
P4376	B73	check	bc2s3_batch2	Zx.0550_P4	35430	38
P4376	B73	check	bc2s3_batch2	Zx.0540_P3	7470	3
P4376	B73	check	bc2s3_batch2	Zx.0090_P2	2921	5
PN10_SID893	B73-bulk	check	bc2s3_batch1	Zx.0580_P2	39021	179
PN10_SID893	B73-bulk	check	bc2s3_batch1	Zx.0570_P2	23127	51
PN10_SID893	B73-bulk	check	bc2s3_batch1	Zx.0500_P2	6686	39
PN10_SID893	B73-bulk	check	bc2s3_batch1	Zx.0550_P4	44117	193
PN10_SID893	B73-bulk	check	bc2s3_batch1	Zx.0090_P2	3658	27
PN10_SID893	B73-bulk	check	bc2s3_batch1	Zx.0540_P3	15971	47
PN3_SID203	B73-bulk	check	bc2s3_batch1	Zx.0580_P2	25158	42
PN3_SID203	B73-bulk	check	bc2s3_batch1	Zx.0570_P2	14179	17
PN3_SID203	B73-bulk	check	bc2s3_batch1	Zx.0500_P2	3936	7
PN3_SID203	B73-bulk	check	bc2s3_batch1	Zx.0550_P4	27826	44
PN3_SID203	B73-bulk	check	bc2s3_batch1	Zx.0090_P2	2198	8
PN3_SID203	B73-bulk	check	bc2s3_batch1	Zx.0540_P3	9777	10
PN3_SID236	B73-bulk	check	bc2s3_batch1	Zx.0580_P2	23233	670
PN3_SID236	B73-bulk	check	bc2s3_batch1	Zx.0570_P2	12472	280
PN3_SID236	B73-bulk	check	bc2s3_batch1	Zx.0500_P2	3218	68
PN3_SID236	B73-bulk	check	bc2s3_batch1	Zx.0550_P4	25409	629
PN3_SID236	B73-bulk	check	bc2s3_batch1	Zx.0090_P2	2122	83
PN3_SID236	B73-bulk	check	bc2s3_batch1	Zx.0540_P3	7927	108
PN3_SID255	B73-bulk	check	bc2s3_batch1	Zx.0580_P2	29836	48
PN3_SID255	B73-bulk	check	bc2s3_batch1	Zx.0570_P2	16706	38
PN3_SID255	B73-bulk	check	bc2s3_batch1	Zx.0500_P2	4383	7
PN3_SID255	B73-bulk	check	bc2s3_batch1	Zx.0550_P4	33151	66
PN3_SID255	B73-bulk	check	bc2s3_batch1	Zx.0090_P2	2697	7
PN3_SID255	B73-bulk	check	bc2s3_batch1	Zx.0540_P3	10895	33
PN4_SID326	B73-bulk	check	bc2s3_batch1	Zx.0580_P2	31980	57
PN4_SID326	B73-bulk	check	bc2s3_batch1	Zx.0570_P2	18312	24
PN4_SID326	B73-bulk	check	bc2s3_batch1	Zx.0500_P2	5611	8
PN4_SID326	B73-bulk	check	bc2s3_batch1	Zx.0550_P4	36797	69
PN4_SID326	B73-bulk	check	bc2s3_batch1	Zx.0090_P2	3028	3
PN4_SID326	B73-bulk	check	bc2s3_batch1	Zx.0540_P3	13412	23
PN5_SID429	B73-bulk	check	bc2s3_batch1	Zx.0580_P2	24044	227
PN5_SID429	B73-bulk	check	bc2s3_batch1	Zx.0570_P2	14011	48
PN5_SID429	B73-bulk	check	bc2s3_batch1	Zx.0500_P2	3834	16
PN5_SID429	B73-bulk	check	bc2s3_batch1	Zx.0550_P4	26719	479
PN5_SID429	B73-bulk	check	bc2s3_batch1	Zx.0090_P2	2325	17
PN5_SID429	B73-bulk	check	bc2s3_batch1	Zx.0540_P3	10060	89
PN5_SID442	B73-bulk	check	bc2s3_batch1	Zx.0580_P2	24905	32
PN5_SID442	B73-bulk	check	bc2s3_batch1	Zx.0570_P2	13753	11
PN5_SID442	B73-bulk	check	bc2s3_batch1	Zx.0500_P2	4158	6
PN5_SID442	B73-bulk	check	bc2s3_batch1	Zx.0550_P4	27474	59
PN5_SID442	B73-bulk	check	bc2s3_batch1	Zx.0090_P2	2357	4
PN5_SID442	B73-bulk	check	bc2s3_batch1	Zx.0540_P3	9855	12
PN5_SID468	B73-bulk	check	bc2s3_batch1	Zx.0580_P2	16544	63
PN5_SID468	B73-bulk	check	bc2s3_batch1	Zx.0570_P2	9939	46
PN5_SID468	B73-bulk	check	bc2s3_batch1	Zx.0500_P2	2903	13
PN5_SID468	B73-bulk	check	bc2s3_batch1	Zx.0550_P4	19416	85
PN5_SID468	B73-bulk	check	bc2s3_batch1	Zx.0090_P2	1582	14
PN5_SID468	B73-bulk	check	bc2s3_batch1	Zx.0540_P3	6917	17
PN6_SID576	B73-bulk	check	bc2s3_batch1	Zx.0580_P2	20215	23
PN6_SID576	B73-bulk	check	bc2s3_batch1	Zx.0570_P2	11807	16
PN6_SID576	B73-bulk	check	bc2s3_batch1	Zx.0500_P2	3254	7
PN6_SID576	B73-bulk	check	bc2s3_batch1	Zx.0550_P4	22431	24
PN6_SID576	B73-bulk	check	bc2s3_batch1	Zx.0090_P2	2022	5
PN6_SID576	B73-bulk	check	bc2s3_batch1	Zx.0540_P3	8426	10
PN8_SID693	B73-bulk	check	bc2s3_batch1	Zx.0580_P2	37112	63
PN8_SID693	B73-bulk	check	bc2s3_batch1	Zx.0570_P2	21754	37
PN8_SID693	B73-bulk	check	bc2s3_batch1	Zx.0500_P2	6273	20
PN8_SID693	B73-bulk	check	bc2s3_batch1	Zx.0550_P4	41955	58
PN8_SID693	B73-bulk	check	bc2s3_batch1	Zx.0090_P2	3496	10
PN8_SID693	B73-bulk	check	bc2s3_batch1	Zx.0540_P3	15323	22
PN8_SID751	B73-bulk	check	bc2s3_batch1	Zx.0580_P2	26849	47
PN8_SID751	B73-bulk	check	bc2s3_batch1	Zx.0570_P2	14880	23
PN8_SID751	B73-bulk	check	bc2s3_batch1	Zx.0500_P2	4413	4
PN8_SID751	B73-bulk	check	bc2s3_batch1	Zx.0550_P4	30357	23
PN8_SID751	B73-bulk	check	bc2s3_batch1	Zx.0090_P2	2343	9
PN8_SID751	B73-bulk	check	bc2s3_batch1	Zx.0540_P3	10703	18
PN9_SID838	B73-bulk	check	bc2s3_batch1	Zx.0580_P2	18941	25
PN9_SID838	B73-bulk	check	bc2s3_batch1	Zx.0570_P2	10459	20
PN9_SID838	B73-bulk	check	bc2s3_batch1	Zx.0500_P2	3121	6
PN9_SID838	B73-bulk	check	bc2s3_batch1	Zx.0550_P4	21061	47
PN9_SID838	B73-bulk	check	bc2s3_batch1	Zx.0090_P2	1711	5
PN9_SID838	B73-bulk	check	bc2s3_batch1	Zx.0540_P3	7342	16
