crams	sites	pos	alt_reads	alt_reads_passing
zealbc1	shared	104858	11	11
zealbc1	zealbc1_only	104867	12	12
zealbc1	zealbc1_only	105271	12	12
zealbc1	zealbc1_only	105762	8	7
zealbc1	zealbc1_only	105809	10	9
zealbc1	zealbc1_only	109313	8	8
zealbc1	zealbc1_only	123356	12	12
zealbc1	zealbc1_only	128258	8	8
zealbc1	shared	128712	19	18
zealbc1	shared	218916	13	13
zealbc1	zealbc1_only	218961	13	12
zealbc1	zealbc1_only	263329	9	8
zealbc1	zealbc1_only	263346	11	11
zealbc1	zealbc1_only	265613	13	10
zealbc1	shared	265691	9	9
zealbc1	shared	267665	5	5
zealbc1	zealbc1_only	270707	9	9
zealbc1	zealbc1_only	271627	14	14
zealbc1	zealbc1_only	272036	9	9
zealbc1	shared	315689	13	13
zealbc1	zealbc1_only	316447	13	13
zealbc1	zealbc1_only	399700	12	12
zealbc1	zealbc1_only	399711	13	13
zealbc1	zealbc1_only	399745	14	14
zealbc1	zealbc1_only	399786	12	8
zealbc1	zealbc1_only	399798	15	12
zealbc1	zealbc1_only	399913	11	11
zealbc1	zealbc1_only	400098	15	15
zealbc1	zealbc1_only	464041	6	6
zealbc1	zealbc1_only	464070	12	12
zealbc1	zealbc1_only	475478	11	11
zealbc1	zealbc1_only	477128	7	7
zealbc1	zealbc1_only	530403	16	16
zealbc1	shared	530468	16	15
zealbc1	zealbc1_only	559615	7	7
zealbc1	zealbc1_only	564453	12	12
zealbc1	zealbc1_only	564476	10	10
zealbc1	zealbc1_only	564508	11	10
zealbc1	zealbc1_only	575467	13	13
zealbc1	zealbc1_only	575543	17	15
zealbc1	zealbc1_only	575659	11	10
zealbc1	zealbc1_only	575727	12	12
zealbc1	zealbc1_only	575816	13	13
zealbc1	zealbc1_only	577836	10	10
zealbc1	shared	577869	13	11
zealbc1	zealbc1_only	577986	9	9
zealbc1	zealbc1_only	581159	5	5
zealbc1	zealbc1_only	581378	15	15
zealbc1	zealbc1_only	581643	11	10
zealbc1	zealbc1_only	581645	11	10
zealbc1	zealbc1_only	581659	12	12
zealbc1	shared	581754	10	10
zealbc1	shared	581846	12	11
zealbc1	shared	649104	11	11
zealbc1	zealbc1_only	649741	16	16
zealbc1	zealbc1_only	649861	12	11
zealbc1	shared	650716	15	15
zealbc1	shared	650858	9	9
zealbc1	zealbc1_only	667907	9	9
zealbc1	zealbc1_only	673650	5	5
zealbc1	shared	787696	14	14
zealbc1	shared	807149	9	9
zealbc1	shared	821664	12	12
zealbc1	shared	821801	17	17
zealbc1	zealbc1_only	821895	11	10
zealbc1	shared	822499	18	17
zealbc1	zealbc1_only	822546	16	10
zealbc1	zealbc1_only	824820	11	11
zealbc1	shared	915756	9	8
zealbc1	zealbc1_only	917352	8	8
zealbc1	zealbc1_only	917514	10	10
zealbc1	zealbc1_only	917646	11	11
zealbc1	shared	924774	7	7
zealbc1	zealbc1_only	931905	18	18
zealbc1	shared	1007642	13	13
zealbc1	shared	1063148	7	7
zealbc1	zealbc1_only	1197946	7	7
zealbc1	zealbc1_only	1197956	12	11
zealbc1	zealbc1_only	1200069	12	12
zealbc1	zealbc1_only	1201289	10	9
zealbc1	zealbc1_only	1201306	9	9
zealbc1	zealbc1_only	1202081	8	8
zealbc1	shared	1202092	13	13
zealbc1	zealbc1_only	1245019	6	6
zealbc1	shared	1247271	12	12
zealbc1	zealbc1_only	1251275	11	11
zealbc1	shared	1252137	10	10
zealbc1	zealbc1_only	1253134	21	21
zealbc1	zealbc1_only	1253149	14	14
zealbc1	zealbc1_only	1253154	14	14
zealbc1	zealbc1_only	1256120	25	25
zealbc1	shared	1256276	42	41
zealbc1	shared	1256347	19	17
zealbc1	shared	1256412	52	43
zealbc1	shared	1256443	41	39
zealbc1	shared	1256517	36	29
zealbc1	shared	1256697	14	14
zealbc1	zealbc1_only	1256908	12	11
zealbc1	zealbc1_only	1256978	19	19
zealbc1	zealbc1_only	1257013	35	34
zealbc1	zealbc1_only	1257450	27	27
zealbc1	zealbc1_only	1260045	7	7
zealbc1	zealbc1_only	1260087	9	8
zealbc1	shared	1331931	8	8
zealbc1	zealbc1_only	1407894	7	6
zealbc1	zealbc1_only	1407925	7	6
zealbc1	shared	1407937	16	16
zealbc1	shared	1408873	11	11
zealbc1	shared	1411613	7	7
zealbc1	zealbc1_only	1421786	14	14
zealbc1	zealbc1_only	1431585	7	7
zealbc1	shared	1432484	11	11
zealbc1	zealbc1_only	1432555	15	15
zealbc1	shared	1432621	17	16
zealbc1	shared	1432712	9	9
zealbc1	zealbc1_only	1432841	9	9
zealbc1	zealbc1_only	1432888	10	10
zealbc1	zealbc1_only	1432901	10	10
zealbc1	zealbc1_only	1432908	9	9
zealbc1	zealbc1_only	1437754	8	8
zealbc1	shared	1451268	9	9
zealbc1	shared	1458765	9	9
zealbc1	zealbc1_only	1463290	7	6
zealbc1	shared	1463391	20	18
zealbc1	shared	1463973	21	21
zealbc1	shared	1464133	24	24
zealbc1	zealbc1_only	1464198	23	18
zealbc1	shared	1464305	13	13
zealbc1	shared	1465271	8	8
zealbc1	zealbc1_only	1466055	8	7
zealbc1	zealbc1_only	1466117	9	9
zealbc1	shared	1470739	11	11
zealbc1	shared	1524877	9	9
zealbc1	shared	1525045	16	15
zealbc1	shared	1552740	5	5
zealbc1	zealbc1_only	1560820	5	5
zealbc1	zealbc1_only	1560824	6	6
zealbc1	shared	1561736	10	10
zealbc1	shared	1578855	8	8
zealbc1	zealbc1_only	1588171	10	10
zealbc1	shared	1610152	12	12
zealbc1	zealbc1_only	1610392	5	5
zealbc1	zealbc1_only	1614485	7	7
zealbc1	zealbc1_only	1614604	8	8
zealbc1	shared	1614746	13	13
zealbc1	zealbc1_only	1650547	11	11
zealbc1	shared	1658980	9	9
zealbc1	zealbc1_only	1659078	7	5
zealbc1	zealbc1_only	1659115	9	7
zealbc1	zealbc1_only	1659159	9	7
zealbc1	zealbc1_only	1659173	7	7
zealbc1	zealbc1_only	1659177	7	7
zealbc1	shared	1743908	14	14
zealbc1	shared	1749434	6	6
zealbc1	shared	1749559	10	10
zealbc1	shared	1750268	6	6
zealbc1	shared	1750515	11	11
zealbc1	zealbc1_only	1750640	18	18
zealbc1	shared	1767909	6	6
zealbc1	zealbc1_only	1768588	6	6
zealbc1	zealbc1_only	1771192	8	7
zealbc1	zealbc1_only	1771480	8	8
zealbc1	shared	1775141	16	16
zealbc1	shared	1775254	15	15
zealbc1	zealbc1_only	1775363	8	8
zealbc1	zealbc1_only	1933735	9	9
zealbc1	shared	1937392	9	9
zealbc1	zealbc1_only	1965479	10	10
zealbc1	shared	1967370	8	8
zealbc1	zealbc1_only	1967479	7	6
zealbc1	zealbc1_only	1974564	7	7
zealbc1	zealbc1_only	1974566	7	7
zealbc1	shared	1976827	8	8
zealbc1	shared	1988899	6	6
zealbc1	shared	1988920	7	7
zealbc1	zealbc1_only	1989443	13	12
zealbc1	zealbc1_only	1989444	12	12
zealbc1	zealbc1_only	1989452	13	12
zealbc1	zealbc1_only	1989529	8	8
zealbc1	shared	1992817	11	11
zealbc1	shared	2000807	14	14
zealbc1	shared	2001236	11	11
zealbc1	zealbc1_only	2008289	9	9
zealbc1	zealbc1_only	2010557	12	12
zealbc1	shared	2010751	5	5
zealbc1	shared	2020180	11	11
zealbc1	zealbc1_only	2020223	13	13
zealbc1	zealbc1_only	2022602	14	14
zealbc1	zealbc1_only	2207040	7	6
zealbc1	shared	2222223	10	10
zealbc1	shared	2223329	9	9
zealbc1	zealbc1_only	2224292	8	8
zealbc1	shared	2227099	11	10
zealbc1	zealbc1_only	2227112	12	12
zealbc1	zealbc1_only	2227114	12	12
zealbc1	zealbc1_only	2307939	9	7
zealbc1	zealbc1_only	2307940	5	5
zealbc1	zealbc1_only	2307951	5	5
zealbc1	shared	2308003	17	16
zealbc1	zealbc1_only	2309933	12	12
zealbc1	zealbc1_only	2310696	7	7
zealbc1	shared	2314717	20	20
zealbc1	zealbc1_only	2323163	10	10
zealbc1	zealbc1_only	2326696	10	9
zealbc1	zealbc1_only	2327339	19	19
zealbc1	zealbc1_only	2327349	19	19
zealbc1	zealbc1_only	2327369	15	15
zealbc1	zealbc1_only	2328374	9	9
zealbc1	zealbc1_only	2400029	27	25
zealbc1	zealbc1_only	2400039	18	17
zealbc1	zealbc1_only	2400072	16	16
zealbc1	zealbc1_only	2400115	13	9
zealbc1	zealbc1_only	2521783	24	22
zealbc1	shared	2524900	15	14
zealbc1	zealbc1_only	2524932	13	13
zealbc1	zealbc1_only	2527003	20	20
zealbc1	zealbc1_only	2527317	7	7
zealbc1	zealbc1_only	2527361	7	7
zealbc1	zealbc1_only	2527371	7	7
zealbc1	zealbc1_only	2527381	7	7
zealbc1	shared	2557663	14	14
zealbc1	zealbc1_only	2563126	9	9
zealbc1	zealbc1_only	2563138	10	10
zealbc1	zealbc1_only	2563139	10	10
zealbc1	shared	2615329	10	9
zealbc1	shared	2638557	10	10
zealbc1	shared	2640737	11	11
zealbc1	zealbc1_only	2704854	8	8
zealbc1	zealbc1_only	2704857	9	9
zealbc1	zealbc1_only	2705024	18	18
zealbc1	shared	2707039	36	36
zealbc1	zealbc1_only	2707848	24	22
zealbc1	zealbc1_only	2707861	27	27
zealbc1	zealbc1_only	2708043	11	10
zealbc1	zealbc1_only	2708084	14	10
zealbc1	zealbc1_only	2708086	15	10
zealbc1	zealbc1_only	2708091	16	12
zealbc1	shared	2708139	18	17
zealbc1	zealbc1_only	2708150	16	11
zealbc1	zealbc1_only	2708151	15	10
zealbc1	zealbc1_only	2708158	10	7
zealbc1	zealbc1_only	2708272	7	7
zealbc1	shared	2708283	10	10
zealbc1	zealbc1_only	2708316	29	22
zealbc1	shared	2709864	18	18
zealbc1	zealbc1_only	2714327	26	22
zealbc1	zealbc1_only	2714329	23	19
zealbc1	zealbc1_only	2714360	29	27
zealbc1	shared	2714370	27	23
zealbc1	zealbc1_only	2714371	32	26
zealbc1	zealbc1_only	2714375	30	24
zealbc1	zealbc1_only	2714383	21	21
zealbc1	zealbc1_only	2714385	24	24
zealbc1	zealbc1_only	2714456	17	15
zealbc1	zealbc1_only	2714458	17	14
zealbc1	shared	2718296	6	6
zealbc1	shared	2720271	13	13
zealbc1	zealbc1_only	2720366	9	7
zealbc1	zealbc1_only	2728892	11	11
zealbc1	zealbc1_only	2731950	13	13
zealbc1	shared	2734979	7	6
zealbc1	zealbc1_only	2735087	7	7
zealbc1	zealbc1_only	2750903	8	8
zealbc1	zealbc1_only	2800848	16	16
zealbc1	zealbc1_only	2800866	15	15
zealbc1	zealbc1_only	2800961	8	7
zealbc1	zealbc1_only	2801016	8	8
zealbc1	shared	2801763	9	8
zealbc1	zealbc1_only	2801766	10	8
zealbc1	zealbc1_only	2801809	8	8
zealbc1	zealbc1_only	2801812	8	8
zealbc1	zealbc1_only	2801816	8	8
zealbc1	zealbc1_only	2813391	18	10
zealbc1	zealbc1_only	2813413	14	14
zealbc1	zealbc1_only	2813435	14	10
zealbc1	shared	2813475	17	16
zealbc1	zealbc1_only	2813587	17	17
zealbc1	zealbc1_only	2815508	7	7
zealbc1	zealbc1_only	2815510	7	7
zealbc1	shared	2819315	10	10
zealbc1	zealbc1_only	2819724	18	18
zealbc1	zealbc1_only	2820128	13	13
zealbc1	zealbc1_only	2820135	14	14
zealbc1	zealbc1_only	2820329	14	14
zealbc1	zealbc1_only	2820845	9	9
zealbc1	shared	2822112	9	9
zealbc1	shared	2911756	25	25
zealbc1	shared	2925076	20	19
zealbc1	shared	2925131	15	13
zealbc1	shared	2925150	16	12
zealbc1	shared	2925237	28	25
zealbc1	shared	2925291	49	45
zealbc1	shared	2925329	16	13
zealbc1	zealbc1_only	2925358	25	22
zealbc1	shared	2936391	12	12
zealbc1	shared	2936499	10	9
zealbc1	zealbc1_only	2936576	13	11
zealbc1	shared	2936840	25	21
zealbc1	shared	2936953	6	5
zealbc1	zealbc1_only	2936955	13	12
zealbc1	shared	2936997	12	6
zealbc1	zealbc1_only	2937065	15	15
zealbc1	zealbc1_only	2938235	11	11
zealbc1	zealbc1_only	2938330	20	17
zealbc1	shared	2938433	21	21
zealbc1	zealbc1_only	2938499	10	8
zealbc1	shared	2938529	13	9
zealbc1	zealbc1_only	2939064	29	29
zealbc1	shared	2939359	16	16
zealbc1	shared	2939505	10	10
zealbc1	zealbc1_only	2939625	9	8
zealbc1	shared	2939662	25	25
zealbc1	zealbc1_only	2940177	6	6
zealbc1	zealbc1_only	2940236	13	12
zealbc1	zealbc1_only	2940612	5	4
zealbc1	shared	2985826	10	10
zealbc1	shared	2990362	16	16
zealbc1	zealbc1_only	2990543	4	4
zealbc1	shared	2993112	10	10
zealbc1	shared	3010679	23	21
zealbc1	zealbc1_only	3010732	8	7
zealbc1	shared	3067126	38	38
zealbc1	shared	3067378	22	22
zealbc1	zealbc1_only	3067914	10	10
zealbc1	zealbc1_only	3071585	6	6
zealbc1	shared	3194779	11	11
zealbc1	zealbc1_only	3254298	12	12
zealbc1	zealbc1_only	3254311	12	12
zealbc1	zealbc1_only	3254335	6	6
zealbc1	zealbc1_only	3257391	13	13
zealbc1	zealbc1_only	3257400	13	13
zealbc1	shared	3320241	17	17
zealbc1	shared	3333951	43	43
zealbc1	zealbc1_only	3447332	6	6
zealbc1	zealbc1_only	3528150	11	8
zealbc1	zealbc1_only	3528253	10	7
zealbc1	shared	3528339	9	9
zealbc1	shared	3528685	9	9
zealbc1	zealbc1_only	3528784	8	8
zealbc1	zealbc1_only	3528874	17	17
zealbc1	shared	3532950	12	12
zealbc1	shared	3533141	21	21
zealbc1	zealbc1_only	3533209	13	12
zealbc1	zealbc1_only	3533211	14	13
zealbc1	shared	3533376	17	15
zealbc1	zealbc1_only	3533468	14	12
zealbc1	zealbc1_only	3533484	10	10
zealbc1	zealbc1_only	3533503	14	14
zealbc1	shared	3533541	15	15
zealbc1	shared	3533836	7	7
zealbc1	zealbc1_only	3534884	15	15
zealbc1	zealbc1_only	3535460	14	14
zealbc1	zealbc1_only	3535463	7	7
zealbc1	shared	3537103	7	7
zealbc1	zealbc1_only	3570947	14	13
zealbc1	zealbc1_only	3571031	16	15
zealbc1	shared	3729392	9	9
zealbc1	zealbc1_only	3735074	10	10
zealbc1	zealbc1_only	3759306	10	10
zealbc1	zealbc1_only	3759326	6	6
zealbc1	shared	3760347	11	11
zealbc1	shared	3767481	14	14
zealbc1	zealbc1_only	3767489	13	13
zealbc1	zealbc1_only	3790017	12	12
zealbc1	zealbc1_only	3811689	14	14
zealbc1	zealbc1_only	3844086	12	12
zealbc1	shared	3849125	13	13
zealbc1	zealbc1_only	3849349	7	7
zealbc1	zealbc1_only	3849353	7	6
zealbc1	zealbc1_only	3849357	7	7
zealbc1	zealbc1_only	3849376	12	12
zealbc1	zealbc1_only	3849422	13	12
zealbc1	shared	3855091	10	10
zealbc1	zealbc1_only	3874059	31	30
zealbc1	shared	3885502	12	12
zealbc1	zealbc1_only	3925257	10	10
zealbc1	zealbc1_only	3927618	7	7
zealbc1	zealbc1_only	3928379	15	15
zealbc1	shared	3929074	26	25
zealbc1	shared	3929544	33	33
zealbc1	shared	3929838	7	7
zealbc1	shared	3930321	16	16
zealbc1	zealbc1_only	3930597	9	9
zealbc1	zealbc1_only	3931118	18	15
zealbc1	shared	3931225	21	19
zealbc1	shared	3931628	20	19
zealbc1	zealbc1_only	3931739	10	10
zealbc1	zealbc1_only	3947004	13	13
zealbc1	shared	3971181	23	23
zealbc1	shared	3971217	15	14
zealbc1	zealbc1_only	3971218	9	7
zealbc1	shared	3971268	18	13
zealbc1	shared	3971329	12	10
zealbc1	shared	3971375	11	9
zealbc1	zealbc1_only	3971449	11	6
zealbc1	zealbc1_only	3971456	8	6
zealbc1	shared	3971459	14	11
zealbc1	shared	3971511	26	14
zealbc1	zealbc1_only	3971517	7	7
zealbc1	shared	3971533	14	13
zealbc1	shared	3971607	17	12
zealbc1	shared	3971669	37	32
zealbc1	zealbc1_only	3971685	15	12
zealbc1	shared	3971699	27	23
zealbc1	shared	3971824	13	11
zealbc1	shared	3971913	35	31
zealbc1	shared	3971949	15	14
zealbc1	zealbc1_only	3973499	21	21
zealbc1	zealbc1_only	3973654	9	9
zealbc1	zealbc1_only	3973669	12	11
zealbc1	zealbc1_only	3973672	13	10
zealbc1	shared	3973692	15	13
zealbc1	shared	3973747	18	18
zealbc1	zealbc1_only	3973768	28	22
zealbc1	zealbc1_only	3973788	19	15
zealbc1	shared	3973895	26	21
zealbc1	zealbc1_only	3973971	20	18
zealbc1	shared	3973980	27	27
zealbc1	shared	3974244	41	41
zealbc1	shared	3975370	49	49
zealbc1	shared	3975560	45	45
zealbc1	shared	3975740	43	42
zealbc1	zealbc1_only	3975880	26	25
zealbc1	shared	3975959	78	75
zealbc1	shared	3976144	22	19
zealbc1	shared	3976201	72	70
zealbc1	shared	3976250	26	22
zealbc1	zealbc1_only	3976338	62	57
zealbc1	shared	3976391	49	44
zealbc1	zealbc1_only	3976486	13	12
zealbc1	shared	3976579	29	27
zealbc1	shared	3976672	20	18
zealbc1	shared	4004174	20	20
zealbc1	shared	4005079	9	9
zealbc1	shared	4005480	14	13
zealbc1	zealbc1_only	4005819	7	6
zealbc1	zealbc1_only	4015982	31	30
zealbc1	shared	4016001	25	21
zealbc1	zealbc1_only	4016002	28	23
zealbc1	zealbc1_only	4016013	22	21
zealbc1	shared	4016297	21	21
zealbc1	zealbc1_only	4019063	23	23
zealbc1	zealbc1_only	4019140	16	12
zealbc1	zealbc1_only	4019142	14	12
zealbc1	zealbc1_only	4019152	24	20
zealbc1	zealbc1_only	4019169	11	11
zealbc1	zealbc1_only	4019178	9	8
zealbc1	zealbc1_only	4019353	22	21
zealbc1	zealbc1_only	4019355	20	19
zealbc1	zealbc1_only	4019376	14	14
zealbc1	zealbc1_only	4019378	14	14
zealbc1	zealbc1_only	4019403	22	20
zealbc1	zealbc1_only	4019405	15	13
zealbc1	zealbc1_only	4019528	15	15
zealbc1	zealbc1_only	4019549	14	14
zealbc1	zealbc1_only	4019568	12	11
zealbc1	zealbc1_only	4019593	14	12
zealbc1	zealbc1_only	4019595	23	21
zealbc1	zealbc1_only	4019600	14	12
zealbc1	shared	4019644	17	16
zealbc1	zealbc1_only	4019659	7	7
zealbc1	zealbc1_only	4019665	19	17
zealbc1	shared	4019679	10	10
zealbc1	zealbc1_only	4019824	23	23
zealbc1	zealbc1_only	4020353	14	12
zealbc1	zealbc1_only	4020389	18	18
zealbc1	shared	4044262	18	18
zealbc1	zealbc1_only	4044311	16	10
zealbc1	zealbc1_only	4044317	10	8
zealbc1	zealbc1_only	4044331	37	29
zealbc1	zealbc1_only	4044332	21	18
zealbc1	zealbc1_only	4044339	14	11
zealbc1	zealbc1_only	4044353	13	13
zealbc1	zealbc1_only	4044354	10	9
zealbc1	zealbc1_only	4044362	19	14
zealbc1	zealbc1_only	4044368	10	8
zealbc1	zealbc1_only	4044399	17	16
zealbc1	zealbc1_only	4044441	44	36
zealbc1	zealbc1_only	4044443	18	15
zealbc1	zealbc1_only	4044500	14	10
zealbc1	zealbc1_only	4044502	27	21
zealbc1	zealbc1_only	4044523	26	22
zealbc1	zealbc1_only	4044527	11	10
zealbc1	zealbc1_only	4044578	31	29
zealbc1	zealbc1_only	4044581	12	11
zealbc1	zealbc1_only	4044585	12	12
zealbc1	zealbc1_only	4044586	11	11
zealbc1	zealbc1_only	4044605	10	10
zealbc1	zealbc1_only	4044611	9	7
zealbc1	shared	4044623	16	15
zealbc1	shared	4044703	36	31
zealbc1	zealbc1_only	4044706	38	31
zealbc1	shared	4044778	20	18
zealbc1	shared	4044821	24	22
zealbc1	zealbc1_only	4044857	30	30
zealbc1	zealbc1_only	4044880	8	8
zealbc1	zealbc1_only	4044906	10	8
zealbc1	zealbc1_only	4044918	31	29
zealbc1	zealbc1_only	4044931	29	27
zealbc1	zealbc1_only	4044976	33	33
zealbc1	zealbc1_only	4045180	11	11
zealbc1	zealbc1_only	4045187	16	16
zealbc1	zealbc1_only	4045189	14	12
zealbc1	zealbc1_only	4045225	16	16
zealbc1	zealbc1_only	4045309	18	17
zealbc1	zealbc1_only	4045869	24	21
zealbc1	shared	4045889	28	27
zealbc1	shared	4045955	41	41
zealbc1	zealbc1_only	4046005	24	21
zealbc1	zealbc1_only	4046102	14	14
zealbc1	shared	4046494	20	20
zealbc1	zealbc1_only	4046583	31	18
zealbc1	shared	4046650	12	11
zealbc1	shared	4046668	18	16
zealbc1	shared	4046797	25	19
zealbc1	shared	4046831	26	22
zealbc1	shared	4046858	27	24
zealbc1	shared	4046888	35	19
zealbc1	shared	4046933	29	28
zealbc1	shared	4047132	31	29
zealbc1	shared	4047215	42	30
zealbc1	shared	4047260	40	37
zealbc1	zealbc1_only	4047301	38	34
zealbc1	shared	4049882	17	17
zealbc1	shared	4054376	13	13
zealbc1	shared	4054814	13	13
zealbc1	shared	4055517	13	11
zealbc1	shared	4055544	49	40
zealbc1	shared	4055592	14	13
zealbc1	shared	4055757	25	25
zealbc1	shared	4055901	30	30
zealbc1	shared	4057226	32	32
zealbc1	shared	4057425	25	25
zealbc1	shared	4059344	15	15
zealbc1	shared	4059834	16	16
zealbc1	zealbc1_only	4061675	19	17
zealbc1	zealbc1_only	4061706	16	15
zealbc1	zealbc1_only	4061713	15	15
zealbc1	zealbc1_only	4062285	9	8
zealbc1	zealbc1_only	4062286	8	8
zealbc1	zealbc1_only	4062301	30	26
zealbc1	shared	4062330	36	35
zealbc1	shared	4063858	10	10
zealbc1	zealbc1_only	4064119	6	6
zealbc1	zealbc1_only	4064559	10	10
zealbc1	zealbc1_only	4064584	12	10
zealbc1	zealbc1_only	4064587	11	10
zealbc1	zealbc1_only	4064605	12	10
zealbc1	zealbc1_only	4064660	11	11
zealbc1	zealbc1_only	4067279	12	12
zealbc1	zealbc1_only	4067281	10	10
zealbc1	zealbc1_only	4067612	8	8
zealbc1	zealbc1_only	4067627	7	7
zealbc1	zealbc1_only	4067655	7	6
zealbc1	zealbc1_only	4093594	19	19
zealbc1	zealbc1_only	4093616	20	20
zealbc1	shared	4126496	11	10
zealbc1	zealbc1_only	4126544	15	15
zealbc1	zealbc1_only	4127175	6	6
zealbc1	zealbc1_only	4127199	6	6
zealbc1	shared	4128309	8	8
zealbc1	zealbc1_only	4144638	7	7
zealbc1	zealbc1_only	4144641	5	5
zealbc1	shared	4144850	6	6
zealbc1	zealbc1_only	4145454	10	10
zealbc1	zealbc1_only	4147894	15	15
zealbc1	shared	4151425	7	7
zealbc1	zealbc1_only	4172804	6	6
zealbc1	zealbc1_only	4194896	9	9
zealbc1	zealbc1_only	4195163	16	16
zealbc1	zealbc1_only	4195168	25	23
zealbc1	zealbc1_only	4213126	7	7
zealbc1	shared	4213272	6	6
zealbc1	zealbc1_only	4214489	6	6
zealbc1	shared	4214503	10	9
zealbc1	zealbc1_only	4214618	5	5
zealbc1	zealbc1_only	4214634	5	5
zealbc1	shared	4214780	17	15
zealbc1	zealbc1_only	4214818	10	9
zealbc1	zealbc1_only	4214819	10	9
zealbc1	zealbc1_only	4216048	7	7
zealbc1	zealbc1_only	4222577	5	5
zealbc1	zealbc1_only	4222590	5	5
zealbc1	zealbc1_only	4222595	7	6
zealbc1	zealbc1_only	4232596	5	5
zealbc1	zealbc1_only	4239231	17	16
zealbc1	zealbc1_only	4269459	14	14
zealbc1	zealbc1_only	4281128	10	9
zealbc1	shared	4281247	6	6
zealbc1	zealbc1_only	4282703	5	5
zealbc1	zealbc1_only	4282713	5	5
zealbc1	shared	4284979	5	5
zealbc1	zealbc1_only	4352649	6	6
zealbc1	zealbc1_only	4355005	7	7
zealbc1	zealbc1_only	4355010	9	7
zealbc1	zealbc1_only	4355059	11	10
zealbc1	zealbc1_only	4402755	7	7
zealbc1	zealbc1_only	4405962	11	11
zealbc1	shared	4405992	14	13
zealbc1	shared	4590175	7	7
zealbc1	zealbc1_only	4590730	16	16
zealbc1	zealbc1_only	4591039	9	9
zealbc1	shared	4604809	9	9
zealbc1	shared	4656312	14	14
zealbc1	zealbc1_only	4656380	8	8
zealbc1	zealbc1_only	4656393	8	8
zealbc1	shared	4663169	12	11
zealbc1	zealbc1_only	4663224	8	8
zealbc1	shared	4663565	21	20
zealbc1	zealbc1_only	4663621	23	18
zealbc1	shared	4665660	11	11
zealbc1	shared	4771044	11	11
zealbc1	zealbc1_only	4771045	11	11
zealbc1	zealbc1_only	4846867	10	10
zealbc1	zealbc1_only	4879107	15	15
zealbc1	zealbc1_only	4932087	15	15
zealbc1	zealbc1_only	4932092	14	14
zealbc1	zealbc1_only	4932093	14	14
zealbc1	shared	4955608	7	7
zealbc1	zealbc1_only	4955823	8	8
zealbc1	zealbc1_only	4955924	6	6
zealbc1	zealbc1_only	4962743	7	7
zealbc1	zealbc1_only	5014783	12	10
zealbc1	zealbc1_only	5014789	9	8
zealbc1	zealbc1_only	5014803	13	13
zealbc1	shared	5014891	16	16
zealbc1	zealbc1_only	5015364	17	17
zealbc1	shared	5017191	21	21
zealbc1	shared	5021546	20	20
zealbc1	zealbc1_only	5021815	11	11
zealbc1	shared	5021937	12	12
zealbc1	shared	5022437	24	22
zealbc1	shared	5022547	13	12
zealbc1	shared	5022677	16	16
zealbc1	shared	5022835	18	18
zealbc1	zealbc1_only	5023066	9	6
zealbc1	shared	5023085	8	8
zealbc1	zealbc1_only	5023160	15	13
zealbc1	zealbc1_only	5023165	15	12
zealbc1	zealbc1_only	5023168	14	13
zealbc1	zealbc1_only	5023179	12	11
zealbc1	shared	5023515	10	10
zealbc1	shared	5023859	11	9
zealbc1	zealbc1_only	5023877	18	7
zealbc1	zealbc1_only	5023880	19	7
zealbc1	zealbc1_only	5023881	19	6
zealbc1	shared	5023916	23	21
zealbc1	shared	5023956	19	18
zealbc1	shared	5023995	19	17
zealbc1	shared	5024093	14	11
zealbc1	shared	5024311	20	20
zealbc1	shared	5025579	17	17
zealbc1	zealbc1_only	5025609	17	14
zealbc1	zealbc1_only	5025611	17	14
zealbc1	zealbc1_only	5025636	13	13
zealbc1	shared	5025782	16	15
zealbc1	shared	5025849	26	25
zealbc1	shared	5026109	23	23
zealbc1	shared	5026137	24	21
zealbc1	zealbc1_only	5029091	35	34
zealbc1	zealbc1_only	5029120	31	31
zealbc1	shared	5029957	12	12
zealbc1	zealbc1_only	5030398	34	34
zealbc1	zealbc1_only	5030948	30	30
zealbc1	zealbc1_only	5038142	5	5
zealbc1	zealbc1_only	5086124	7	7
zealbc1	zealbc1_only	5166894	6	6
zealbc1	shared	5166932	9	9
zealbc1	zealbc1_only	5167474	8	8
zealbc1	zealbc1_only	5170070	18	15
zealbc1	zealbc1_only	5170148	21	20
zealbc1	zealbc1_only	5171395	7	7
zealbc1	zealbc1_only	5217446	11	11
zealbc1	zealbc1_only	5217465	8	8
zealbc1	shared	5218253	7	7
zealbc1	zealbc1_only	5223636	16	16
zealbc1	zealbc1_only	5317079	7	7
zealbc1	zealbc1_only	5335016	12	12
zealbc1	zealbc1_only	5335047	10	9
zealbc1	zealbc1_only	5335049	10	10
zealbc1	zealbc1_only	5335060	11	10
zealbc1	zealbc1_only	5335078	10	10
zealbc1	zealbc1_only	5335093	9	9
zealbc1	shared	5335114	12	10
zealbc1	zealbc1_only	5335125	12	11
zealbc1	shared	5347674	20	20
zealbc1	zealbc1_only	5347708	17	16
zealbc1	zealbc1_only	5350393	8	8
zealbc1	zealbc1_only	5363046	20	20
zealbc1	shared	5363890	6	6
zealbc1	shared	5372031	22	22
zealbc1	zealbc1_only	5440800	20	20
zealbc1	zealbc1_only	5440804	8	8
zealbc1	zealbc1_only	5440815	21	21
zealbc1	zealbc1_only	5477575	6	6
zealbc1	zealbc1_only	5516325	8	8
zealbc1	shared	5516790	20	20
zealbc1	zealbc1_only	5518516	18	18
zealbc1	zealbc1_only	5518522	18	17
zealbc1	zealbc1_only	5519648	5	5
zealbc1	zealbc1_only	5522208	15	15
zealbc1	zealbc1_only	5524218	12	12
zealbc1	zealbc1_only	5524250	14	14
zealbc1	zealbc1_only	5524274	11	11
zealbc1	zealbc1_only	5525871	11	11
zealbc1	zealbc1_only	5526060	15	8
zealbc1	zealbc1_only	5526177	13	13
zealbc1	shared	5549125	8	8
zealbc1	zealbc1_only	5570498	11	11
zealbc1	shared	5608364	9	9
zealbc1	zealbc1_only	5652561	5	5
zealbc1	zealbc1_only	5652568	5	5
zealbc1	shared	5665146	6	6
zealbc1	zealbc1_only	5665816	15	15
zealbc1	zealbc1_only	5665822	14	14
zealbc1	zealbc1_only	5668072	7	7
zealbc1	shared	5668263	12	12
zealbc1	zealbc1_only	5669855	12	12
zealbc1	zealbc1_only	5671698	10	10
zealbc1	zealbc1_only	5673313	10	9
zealbc1	shared	5676527	7	7
zealbc1	shared	5745150	14	14
zealbc1	shared	5746874	4	4
zealbc1	zealbc1_only	5809442	8	8
zealbc1	zealbc1_only	5810547	7	6
zealbc1	zealbc1_only	5810832	15	15
zealbc1	shared	5811772	15	15
zealbc1	zealbc1_only	5813092	7	7
zealbc1	zealbc1_only	5816740	7	7
zealbc1	zealbc1_only	5816828	9	9
zealbc1	zealbc1_only	5816834	9	9
zealbc1	shared	5849360	12	11
zealbc1	zealbc1_only	5849464	10	8
zealbc1	zealbc1_only	5849466	10	8
zealbc1	shared	5946924	22	22
zealbc1	zealbc1_only	5954281	12	12
zealbc1	shared	5955268	32	32
zealbc1	zealbc1_only	5955503	38	38
zealbc1	shared	5975254	10	10
zealbc1	zealbc1_only	5978408	6	5
zealbc1	zealbc1_only	5979467	15	15
zealbc1	zealbc1_only	5979497	15	14
zealbc1	zealbc1_only	5979521	9	7
zealbc1	zealbc1_only	6000477	15	13
zealbc1	shared	6000526	13	13
zealbc1	zealbc1_only	6000708	13	11
zealbc1	zealbc1_only	6000732	16	14
zealbc1	zealbc1_only	6000735	14	13
zealbc1	zealbc1_only	6000773	7	7
zealbc1	zealbc1_only	6000791	8	7
zealbc1	zealbc1_only	6000797	7	7
zealbc1	zealbc1_only	6001856	8	8
zealbc1	zealbc1_only	6001857	10	10
zealbc1	shared	6001922	6	6
zealbc1	zealbc1_only	6003870	13	13
zealbc1	zealbc1_only	6007182	5	5
zealbc1	shared	6010336	14	14
zealbc1	zealbc1_only	6116235	9	9
zealbc1	shared	6117022	14	14
zealbc1	shared	6117091	11	10
zealbc1	shared	6142954	31	31
zealbc1	zealbc1_only	6143478	14	14
zealbc1	zealbc1_only	6181240	12	12
zealbc1	zealbc1_only	6196674	13	13
zealbc1	zealbc1_only	6196691	11	11
zealbc1	zealbc1_only	6196695	10	10
zealbc1	shared	6197029	12	12
zealbc1	shared	6201120	7	7
zealbc1	zealbc1_only	6204448	14	14
zealbc1	shared	6205194	15	15
zealbc1	zealbc1_only	6209958	8	8
zealbc1	shared	6209964	8	8
zealbc1	zealbc1_only	6251072	12	12
zealbc1	zealbc1_only	6252799	8	5
zealbc1	zealbc1_only	6252819	8	7
zealbc1	zealbc1_only	6252831	11	11
zealbc1	zealbc1_only	6252842	7	7
zealbc1	shared	6253873	7	7
zealbc1	zealbc1_only	6289452	22	22
zealbc1	zealbc1_only	6289458	21	21
zealbc1	zealbc1_only	6289523	20	17
zealbc1	zealbc1_only	6289524	18	15
zealbc1	zealbc1_only	6289563	15	15
zealbc1	zealbc1_only	6289601	16	15
zealbc1	zealbc1_only	6289612	13	12
zealbc1	zealbc1_only	6344663	17	17
zealbc1	zealbc1_only	6344675	17	15
zealbc1	zealbc1_only	6344759	13	13
zealbc1	zealbc1_only	6355965	6	6
zealbc1	shared	6356004	11	8
zealbc1	shared	6356159	6	6
zealbc1	zealbc1_only	6536782	9	9
zealbc1	zealbc1_only	6536879	7	7
zealbc1	zealbc1_only	6537046	10	10
zealbc1	zealbc1_only	6537052	10	9
zealbc1	zealbc1_only	6537055	10	10
zealbc1	zealbc1_only	6538991	8	8
zealbc1	zealbc1_only	6538998	8	8
zealbc1	zealbc1_only	6539001	8	8
zealbc1	zealbc1_only	6544689	9	9
zealbc1	zealbc1_only	6544691	9	9
zealbc1	shared	6544840	7	7
zealbc1	zealbc1_only	6545260	7	7
zealbc1	zealbc1_only	6771961	13	12
zealbc1	zealbc1_only	6771976	12	12
zealbc1	shared	6772019	17	13
zealbc1	zealbc1_only	6772054	12	8
zealbc1	zealbc1_only	6772085	9	9
zealbc1	zealbc1_only	6787479	7	7
zealbc1	zealbc1_only	6806995	8	8
zealbc1	shared	6811004	8	8
zealbc1	zealbc1_only	6826636	13	12
zealbc1	zealbc1_only	6826650	12	11
zealbc1	shared	6843501	10	10
zealbc1	zealbc1_only	6854635	8	6
zealbc1	zealbc1_only	6854707	8	8
zealbc1	zealbc1_only	6854721	8	8
zealbc1	shared	7193295	14	13
zealbc1	zealbc1_only	7193321	14	13
zealbc1	zealbc1_only	7193708	9	9
zealbc1	zealbc1_only	7193725	9	9
zealbc1	zealbc1_only	7205278	6	6
zealbc1	shared	7252066	11	11
zealbc1	shared	7257384	12	11
zealbc1	shared	7257446	12	11
zealbc1	zealbc1_only	7257530	9	9
zealbc1	shared	7257547	11	11
zealbc1	zealbc1_only	7257661	7	5
zealbc1	zealbc1_only	7273652	25	25
zealbc1	shared	7274215	10	10
zealbc1	zealbc1_only	7276417	18	18
zealbc1	zealbc1_only	7368449	9	9
zealbc1	zealbc1_only	7368717	8	6
zealbc1	zealbc1_only	7368807	7	7
zealbc1	shared	7369137	6	6
zealbc1	zealbc1_only	7371095	20	18
zealbc1	zealbc1_only	7371128	16	14
zealbc1	zealbc1_only	7371182	16	16
zealbc1	zealbc1_only	7371465	20	19
zealbc1	zealbc1_only	7371471	19	19
zealbc1	zealbc1_only	7398388	11	11
zealbc1	zealbc1_only	7398409	11	9
zealbc1	zealbc1_only	7398523	7	7
zealbc1	zealbc1_only	7398558	8	8
zealbc1	zealbc1_only	7398608	10	8
zealbc1	shared	7398652	10	10
zealbc1	zealbc1_only	7398657	10	9
zealbc1	shared	7398901	12	12
zealbc1	shared	7398920	8	8
zealbc1	zealbc1_only	7400999	13	13
zealbc1	shared	7401038	16	15
zealbc1	zealbc1_only	7450394	18	18
zealbc1	zealbc1_only	7454226	12	12
zealbc1	shared	7465521	12	12
zealbc1	shared	7465927	13	12
zealbc1	zealbc1_only	7465994	12	9
zealbc1	zealbc1_only	7465996	12	9
zealbc1	zealbc1_only	7466010	10	10
zealbc1	shared	7466062	8	7
zealbc1	zealbc1_only	7535724	7	7
zealbc1	zealbc1_only	7691912	13	13
zealbc1	shared	7747141	7	7
zealbc1	zealbc1_only	7747757	14	14
zealbc1	zealbc1_only	7902951	8	8
zealbc1	zealbc1_only	7902970	8	8
zealbc1	shared	7905185	9	9
zealbc1	zealbc1_only	7909523	6	6
zealbc1	shared	7909869	18	18
zealbc1	shared	8090139	10	10
zealbc1	zealbc1_only	8096467	18	14
zealbc1	shared	8096468	18	14
zealbc1	zealbc1_only	8096495	20	19
zealbc1	shared	8167771	18	18
zealbc1	shared	8167817	12	12
zealbc1	zealbc1_only	8167854	10	6
zealbc1	shared	8167910	5	5
zealbc1	zealbc1_only	8168209	9	9
zealbc1	zealbc1_only	8168236	13	13
zealbc1	zealbc1_only	8168242	11	10
zealbc1	shared	8168329	12	12
zealbc1	zealbc1_only	8172560	9	9
zealbc1	zealbc1_only	8172569	10	10
zealbc1	zealbc1_only	8249222	14	14
zealbc1	zealbc1_only	8249759	17	17
zealbc1	zealbc1_only	8308106	13	12
zealbc1	zealbc1_only	8308132	10	9
zealbc1	zealbc1_only	8308141	10	9
zealbc1	zealbc1_only	8308143	11	8
zealbc1	zealbc1_only	8349405	10	10
zealbc1	zealbc1_only	8349540	13	13
zealbc1	zealbc1_only	8350123	13	12
zealbc1	zealbc1_only	8350175	18	14
zealbc1	zealbc1_only	8350180	17	15
zealbc1	zealbc1_only	8350182	16	14
zealbc1	zealbc1_only	8350193	15	15
zealbc1	zealbc1_only	8350199	16	15
zealbc1	zealbc1_only	8350216	18	18
zealbc1	zealbc1_only	8424276	10	10
zealbc1	zealbc1_only	8424915	15	15
zealbc1	shared	8425338	9	9
zealbc1	shared	8429780	6	6
zealbc1	shared	8483210	11	11
zealbc1	zealbc1_only	8524886	22	22
zealbc1	zealbc1_only	8535225	8	8
zealbc1	shared	8536749	10	10
zealbc1	shared	8539170	8	8
zealbc1	zealbc1_only	8539481	11	11
zealbc1	shared	8545856	9	9
zealbc1	zealbc1_only	8548030	5	5
zealbc1	zealbc1_only	8548047	8	7
zealbc1	shared	8548155	13	13
zealbc1	zealbc1_only	8595633	12	12
zealbc1	zealbc1_only	8598446	9	9
zealbc1	zealbc1_only	8602955	9	9
zealbc1	shared	8602956	9	9
zealbc1	zealbc1_only	8612095	15	15
zealbc1	shared	8616633	9	9
zealbc1	zealbc1_only	8658371	8	8
zealbc1	zealbc1_only	8666937	8	8
zealbc1	zealbc1_only	8668601	6	6
zealbc1	zealbc1_only	8668602	6	6
zealbc1	zealbc1_only	8668605	6	6
zealbc1	zealbc1_only	8671840	11	11
zealbc1	zealbc1_only	8675157	11	11
zealbc1	shared	8676087	8	8
zealbc1	zealbc1_only	8757169	10	10
zealbc1	shared	8757967	7	7
zealbc1	zealbc1_only	8822434	8	8
zealbc1	zealbc1_only	8822435	8	8
zealbc1	zealbc1_only	8969120	18	17
zealbc1	zealbc1_only	8969124	17	16
zealbc1	zealbc1_only	8969174	15	15
zealbc1	shared	9041409	9	9
zealbc1	zealbc1_only	9047361	8	8
zealbc1	zealbc1_only	9050392	14	14
zealbc1	zealbc1_only	9050401	15	15
zealbc1	zealbc1_only	9052594	19	19
zealbc1	shared	9094262	8	7
zealbc1	zealbc1_only	9094281	9	8
zealbc1	zealbc1_only	9094334	9	8
zealbc1	zealbc1_only	9094345	10	8
zealbc1	zealbc1_only	9094427	7	7
zealbc1	shared	9094471	9	7
zealbc1	zealbc1_only	9094534	11	9
zealbc1	zealbc1_only	9094559	11	11
zealbc1	zealbc1_only	9094560	11	11
zealbc1	zealbc1_only	9094665	9	7
zealbc1	zealbc1_only	9094695	7	7
zealbc1	shared	9094740	7	7
zealbc1	zealbc1_only	9097924	20	19
zealbc1	zealbc1_only	9097925	19	19
zealbc1	zealbc1_only	9098320	8	8
zealbc1	zealbc1_only	9111474	16	16
zealbc1	zealbc1_only	9111687	11	11
zealbc1	shared	9111817	13	12
zealbc1	shared	9112319	9	9
zealbc1	zealbc1_only	9112377	6	6
zealbc1	zealbc1_only	9112435	6	6
zealbc1	zealbc1_only	9112553	17	17
zealbc1	zealbc1_only	9112563	17	17
zealbc1	zealbc1_only	9112579	22	22
zealbc1	shared	9112612	23	22
zealbc1	shared	9113146	12	12
zealbc1	zealbc1_only	9113181	12	12
zealbc1	zealbc1_only	9113340	15	15
zealbc1	zealbc1_only	9175477	12	12
zealbc1	shared	9196838	22	22
zealbc1	zealbc1_only	9199146	18	18
zealbc1	shared	9204572	11	11
zealbc1	zealbc1_only	9228289	13	13
zealbc1	zealbc1_only	9229266	14	14
zealbc1	zealbc1_only	9232571	9	9
zealbc1	zealbc1_only	9232584	7	7
zealbc1	zealbc1_only	9232669	6	5
zealbc1	shared	9236130	14	14
zealbc1	shared	9236229	14	13
zealbc1	zealbc1_only	9248034	15	15
zealbc1	zealbc1_only	9248106	9	9
zealbc1	zealbc1_only	9248143	11	11
zealbc1	zealbc1_only	9248146	10	10
zealbc1	shared	9307485	9	9
zealbc1	zealbc1_only	9360239	10	9
zealbc1	shared	9360255	14	14
zealbc1	shared	9360368	10	10
zealbc1	shared	9360427	13	13
zealbc1	shared	9360478	20	19
zealbc1	shared	9360510	23	15
zealbc1	shared	9360551	16	15
zealbc1	zealbc1_only	9363155	6	6
zealbc1	zealbc1_only	9364505	16	16
zealbc1	zealbc1_only	9365182	16	16
zealbc1	shared	9368071	5	5
zealbc1	shared	9368362	7	7
zealbc1	zealbc1_only	9368389	6	5
zealbc1	zealbc1_only	9368404	5	5
zealbc1	zealbc1_only	9368477	8	7
zealbc1	zealbc1_only	9368557	10	10
zealbc1	zealbc1_only	9368558	6	6
zealbc1	zealbc1_only	9368632	13	13
zealbc1	shared	9368808	25	25
zealbc1	zealbc1_only	9368846	12	12
zealbc1	zealbc1_only	9368847	20	20
zealbc1	zealbc1_only	9370533	5	5
zealbc1	shared	9410707	7	7
zealbc1	zealbc1_only	9416052	15	15
zealbc1	zealbc1_only	9416819	8	8
zealbc1	shared	9418178	8	8
zealbc1	zealbc1_only	9420083	12	12
zealbc1	shared	9420286	15	15
zealbc1	zealbc1_only	9420403	11	11
zealbc1	zealbc1_only	9422197	13	13
zealbc1	zealbc1_only	9423189	11	11
zealbc1	shared	9429485	11	11
zealbc1	zealbc1_only	9429935	12	11
zealbc1	zealbc1_only	9430014	10	9
zealbc1	zealbc1_only	9430064	6	6
zealbc1	zealbc1_only	9430121	6	5
zealbc1	zealbc1_only	9522662	19	19
zealbc1	shared	9522767	21	15
zealbc1	shared	9522774	22	18
zealbc1	shared	9680432	11	11
zealbc1	zealbc1_only	9681004	10	10
zealbc1	zealbc1_only	9701301	11	11
zealbc1	zealbc1_only	9741923	19	16
zealbc1	shared	9741976	20	20
zealbc1	zealbc1_only	9742295	8	8
zealbc1	zealbc1_only	9742300	8	8
zealbc1	zealbc1_only	9745063	5	5
zealbc1	shared	9751911	6	6
zealbc1	zealbc1_only	9752196	12	10
zealbc1	zealbc1_only	9752203	14	11
zealbc1	shared	9752251	14	14
zealbc1	zealbc1_only	9752645	14	14
zealbc1	zealbc1_only	9752696	10	10
zealbc1	zealbc1_only	9752701	11	10
zealbc1	zealbc1_only	9752719	8	8
zealbc1	zealbc1_only	9756530	13	13
zealbc1	zealbc1_only	9821782	8	8
zealbc1	shared	9821978	24	22
zealbc1	shared	9822027	14	13
zealbc1	shared	9822134	26	21
zealbc1	shared	9822186	20	19
zealbc1	shared	9822335	20	20
zealbc1	zealbc1_only	9839676	14	14
zealbc1	zealbc1_only	9839749	14	13
zealbc1	shared	9845514	6	6
zealbc1	zealbc1_only	9981105	24	24
zealbc1	zealbc1_only	9988614	7	6
zealbc1	zealbc1_only	9988660	8	4
zealbc1	shared	9997415	10	10
zealbc1	shared	9997450	11	8
zealgt	shared	104858	13	12
zealgt	zealbc1_only	104867	12	12
zealgt	zealbc1_only	105271	12	11
zealgt	zealbc1_only	105762	7	6
zealgt	zealbc1_only	105809	11	7
zealgt	zealbc1_only	109313	6	6
zealgt	zealbc1_only	123356	10	8
zealgt	zealbc1_only	128258	9	7
zealgt	shared	128712	19	12
zealgt	shared	218916	13	10
zealgt	zealbc1_only	218961	13	9
zealgt	zealbc1_only	263329	9	5
zealgt	zealbc1_only	263346	11	8
zealgt	zealbc1_only	265613	13	9
zealgt	shared	265691	9	9
zealgt	shared	267665	6	5
zealgt	zealbc1_only	270707	10	8
zealgt	zealbc1_only	271627	14	11
zealgt	zealbc1_only	272036	9	8
zealgt	shared	315689	13	13
zealgt	zealbc1_only	316447	13	11
zealgt	zealbc1_only	399700	12	11
zealgt	zealbc1_only	399711	12	11
zealgt	zealbc1_only	399745	13	12
zealgt	zealbc1_only	399786	12	8
zealgt	zealbc1_only	399798	14	10
zealgt	zealbc1_only	399913	11	10
zealgt	zealbc1_only	400098	15	12
zealgt	zealbc1_only	464041	6	3
zealgt	zealbc1_only	464070	20	10
zealgt	zealbc1_only	475478	14	9
zealgt	zealbc1_only	477128	7	6
zealgt	zealbc1_only	530403	16	11
zealgt	shared	530468	20	11
zealgt	zealbc1_only	559615	7	6
zealgt	zealbc1_only	564453	11	11
zealgt	zealbc1_only	564476	10	10
zealgt	zealbc1_only	564508	11	10
zealgt	zealbc1_only	575467	13	11
zealgt	zealbc1_only	575543	17	12
zealgt	zealbc1_only	575659	11	10
zealgt	zealbc1_only	575727	12	11
zealgt	zealbc1_only	575816	13	12
zealgt	zealbc1_only	577836	10	10
zealgt	shared	577869	13	11
zealgt	zealbc1_only	577986	9	9
zealgt	zealbc1_only	581159	5	3
zealgt	zealbc1_only	581378	15	11
zealgt	zealbc1_only	581643	20	10
zealgt	zealbc1_only	581645	19	10
zealgt	zealbc1_only	581659	25	11
zealgt	shared	581754	21	8
zealgt	shared	581846	15	11
zealgt	shared	649104	11	10
zealgt	zealbc1_only	649741	18	10
zealgt	zealbc1_only	649861	12	10
zealgt	shared	650716	16	13
zealgt	shared	650858	9	8
zealgt	zealbc1_only	667907	7	7
zealgt	zealbc1_only	673650	5	4
zealgt	shared	787696	14	14
zealgt	shared	807149	9	9
zealgt	shared	821664	8	8
zealgt	shared	821801	18	16
zealgt	zealbc1_only	821895	12	10
zealgt	shared	822499	25	17
zealgt	zealbc1_only	822546	20	8
zealgt	zealbc1_only	824820	12	7
zealgt	shared	915756	9	7
zealgt	zealbc1_only	917352	10	9
zealgt	zealbc1_only	917514	10	9
zealgt	zealbc1_only	917646	11	9
zealgt	shared	924774	7	7
zealgt	zealbc1_only	931905	18	14
zealgt	shared	1007642	12	11
zealgt	shared	1063148	7	7
zealgt	zealbc1_only	1197946	7	7
zealgt	zealbc1_only	1197956	12	11
zealgt	zealbc1_only	1200069	12	12
zealgt	zealbc1_only	1201289	10	7
zealgt	zealbc1_only	1201306	9	7
zealgt	zealbc1_only	1202081	11	6
zealgt	shared	1202092	18	11
zealgt	zealbc1_only	1245019	6	4
zealgt	shared	1247271	12	12
zealgt	zealbc1_only	1251275	11	10
zealgt	shared	1252137	10	10
zealgt	zealbc1_only	1253134	21	17
zealgt	zealbc1_only	1253149	14	14
zealgt	zealbc1_only	1253154	14	14
zealgt	zealbc1_only	1256120	26	20
zealgt	shared	1256276	44	34
zealgt	shared	1256347	18	14
zealgt	shared	1256412	51	39
zealgt	shared	1256443	41	35
zealgt	shared	1256517	37	26
zealgt	shared	1256697	14	14
zealgt	zealbc1_only	1256908	12	10
zealgt	zealbc1_only	1256978	18	12
zealgt	zealbc1_only	1257013	35	26
zealgt	zealbc1_only	1257450	28	27
zealgt	zealbc1_only	1260045	7	6
zealgt	zealbc1_only	1260087	7	5
zealgt	shared	1331931	10	10
zealgt	zealbc1_only	1407894	7	4
zealgt	zealbc1_only	1407925	7	5
zealgt	shared	1407937	16	12
zealgt	shared	1408873	13	11
zealgt	shared	1411613	7	7
zealgt	zealbc1_only	1421786	14	11
zealgt	zealbc1_only	1431585	8	6
zealgt	shared	1432484	12	10
zealgt	zealbc1_only	1432555	16	15
zealgt	shared	1432621	18	16
zealgt	shared	1432712	9	7
zealgt	zealbc1_only	1432841	8	6
zealgt	zealbc1_only	1432888	10	8
zealgt	zealbc1_only	1432901	10	8
zealgt	zealbc1_only	1432908	8	7
zealgt	zealbc1_only	1437754	8	6
zealgt	shared	1451268	10	8
zealgt	shared	1458765	11	10
zealgt	zealbc1_only	1463290	6	5
zealgt	shared	1463391	20	16
zealgt	shared	1463973	23	20
zealgt	shared	1464133	24	19
zealgt	zealbc1_only	1464198	25	15
zealgt	shared	1464305	18	13
zealgt	shared	1465271	8	8
zealgt	zealbc1_only	1466055	8	5
zealgt	zealbc1_only	1466117	9	6
zealgt	shared	1470739	17	9
zealgt	shared	1524877	9	6
zealgt	shared	1525045	16	10
zealgt	shared	1552740	6	6
zealgt	zealbc1_only	1560820	5	4
zealgt	zealbc1_only	1560824	6	4
zealgt	shared	1561736	10	10
zealgt	shared	1578855	10	8
zealgt	zealbc1_only	1588171	17	7
zealgt	shared	1610152	18	10
zealgt	zealbc1_only	1610392	6	1
zealgt	zealbc1_only	1614485	7	7
zealgt	zealbc1_only	1614604	8	7
zealgt	shared	1614746	13	9
zealgt	zealbc1_only	1650547	11	8
zealgt	shared	1658980	10	8
zealgt	zealbc1_only	1659078	7	4
zealgt	zealbc1_only	1659115	9	6
zealgt	zealbc1_only	1659159	9	5
zealgt	zealbc1_only	1659173	7	5
zealgt	zealbc1_only	1659177	7	5
zealgt	shared	1743908	14	9
zealgt	shared	1749434	6	6
zealgt	shared	1749559	10	10
zealgt	shared	1750268	6	6
zealgt	shared	1750515	12	11
zealgt	zealbc1_only	1750640	17	16
zealgt	shared	1767909	5	5
zealgt	zealbc1_only	1768588	8	6
zealgt	zealbc1_only	1771192	8	3
zealgt	zealbc1_only	1771480	8	4
zealgt	shared	1775141	16	14
zealgt	shared	1775254	15	13
zealgt	zealbc1_only	1775363	8	8
zealgt	zealbc1_only	1933735	9	9
zealgt	shared	1937392	18	9
zealgt	zealbc1_only	1965479	10	8
zealgt	shared	1967370	8	8
zealgt	zealbc1_only	1967479	7	6
zealgt	zealbc1_only	1974564	7	4
zealgt	zealbc1_only	1974566	7	4
zealgt	shared	1976827	9	9
zealgt	shared	1988899	6	5
zealgt	shared	1988920	6	5
zealgt	zealbc1_only	1989443	14	11
zealgt	zealbc1_only	1989444	13	11
zealgt	zealbc1_only	1989452	14	12
zealgt	zealbc1_only	1989529	8	6
zealgt	shared	1992817	11	8
zealgt	shared	2000807	13	13
zealgt	shared	2001236	12	12
zealgt	zealbc1_only	2008289	9	6
zealgt	zealbc1_only	2010557	14	14
zealgt	shared	2010751	6	6
zealgt	shared	2020180	11	9
zealgt	zealbc1_only	2020223	13	11
zealgt	zealbc1_only	2022602	14	11
zealgt	zealbc1_only	2207040	7	2
zealgt	shared	2222223	11	11
zealgt	shared	2223329	9	9
zealgt	zealbc1_only	2224292	8	8
zealgt	shared	2227099	11	10
zealgt	zealbc1_only	2227112	12	12
zealgt	zealbc1_only	2227114	14	13
zealgt	zealbc1_only	2307939	7	4
zealgt	zealbc1_only	2307940	5	4
zealgt	zealbc1_only	2307951	5	4
zealgt	shared	2308003	16	12
zealgt	zealbc1_only	2309933	13	12
zealgt	zealbc1_only	2310696	7	6
zealgt	shared	2314717	20	16
zealgt	zealbc1_only	2323163	11	9
zealgt	zealbc1_only	2326696	10	9
zealgt	zealbc1_only	2327339	19	15
zealgt	zealbc1_only	2327349	19	15
zealgt	zealbc1_only	2327369	14	10
zealgt	zealbc1_only	2328374	9	8
zealgt	zealbc1_only	2400029	28	20
zealgt	zealbc1_only	2400039	18	10
zealgt	zealbc1_only	2400072	17	10
zealgt	zealbc1_only	2400115	14	7
zealgt	zealbc1_only	2521783	24	18
zealgt	shared	2524900	16	13
zealgt	zealbc1_only	2524932	14	12
zealgt	zealbc1_only	2527003	19	14
zealgt	zealbc1_only	2527317	7	4
zealgt	zealbc1_only	2527361	7	4
zealgt	zealbc1_only	2527371	8	4
zealgt	zealbc1_only	2527381	7	4
zealgt	shared	2557663	14	11
zealgt	zealbc1_only	2563126	9	8
zealgt	zealbc1_only	2563138	10	7
zealgt	zealbc1_only	2563139	10	7
zealgt	shared	2615329	12	10
zealgt	shared	2638557	11	10
zealgt	shared	2640737	11	9
zealgt	zealbc1_only	2704854	8	7
zealgt	zealbc1_only	2704857	10	9
zealgt	zealbc1_only	2705024	19	15
zealgt	shared	2707039	36	35
zealgt	zealbc1_only	2707848	25	19
zealgt	zealbc1_only	2707861	27	21
zealgt	zealbc1_only	2708043	13	10
zealgt	zealbc1_only	2708084	16	9
zealgt	zealbc1_only	2708086	16	9
zealgt	zealbc1_only	2708091	18	10
zealgt	shared	2708139	17	14
zealgt	zealbc1_only	2708150	15	8
zealgt	zealbc1_only	2708151	14	8
zealgt	zealbc1_only	2708158	8	4
zealgt	zealbc1_only	2708272	6	4
zealgt	shared	2708283	10	9
zealgt	zealbc1_only	2708316	29	19
zealgt	shared	2709864	18	16
zealgt	zealbc1_only	2714327	24	20
zealgt	zealbc1_only	2714329	22	19
zealgt	zealbc1_only	2714360	28	21
zealgt	shared	2714370	27	19
zealgt	zealbc1_only	2714371	32	21
zealgt	zealbc1_only	2714375	30	19
zealgt	zealbc1_only	2714383	21	16
zealgt	zealbc1_only	2714385	24	18
zealgt	zealbc1_only	2714456	19	11
zealgt	zealbc1_only	2714458	19	11
zealgt	shared	2718296	7	7
zealgt	shared	2720271	13	9
zealgt	zealbc1_only	2720366	11	8
zealgt	zealbc1_only	2728892	11	10
zealgt	zealbc1_only	2731950	13	10
zealgt	shared	2734979	7	6
zealgt	zealbc1_only	2735087	7	7
zealgt	zealbc1_only	2750903	8	8
zealgt	zealbc1_only	2800848	16	13
zealgt	zealbc1_only	2800866	15	12
zealgt	zealbc1_only	2800961	8	7
zealgt	zealbc1_only	2801016	8	7
zealgt	shared	2801763	9	8
zealgt	zealbc1_only	2801766	10	8
zealgt	zealbc1_only	2801809	7	7
zealgt	zealbc1_only	2801812	7	7
zealgt	zealbc1_only	2801816	7	7
zealgt	zealbc1_only	2813391	17	5
zealgt	zealbc1_only	2813413	14	6
zealgt	zealbc1_only	2813435	14	4
zealgt	shared	2813475	17	9
zealgt	zealbc1_only	2813587	17	16
zealgt	zealbc1_only	2815508	7	7
zealgt	zealbc1_only	2815510	7	7
zealgt	shared	2819315	11	9
zealgt	zealbc1_only	2819724	18	16
zealgt	zealbc1_only	2820128	11	11
zealgt	zealbc1_only	2820135	13	13
zealgt	zealbc1_only	2820329	15	13
zealgt	zealbc1_only	2820845	9	9
zealgt	shared	2822112	9	9
zealgt	shared	2911756	32	24
zealgt	shared	2925076	23	20
zealgt	shared	2925131	15	13
zealgt	shared	2925150	16	12
zealgt	shared	2925237	28	22
zealgt	shared	2925291	50	41
zealgt	shared	2925329	16	13
zealgt	zealbc1_only	2925358	25	17
zealgt	shared	2936391	12	12
zealgt	shared	2936499	10	9
zealgt	zealbc1_only	2936576	13	10
zealgt	shared	2936840	26	20
zealgt	shared	2936953	6	4
zealgt	zealbc1_only	2936955	12	9
zealgt	shared	2936997	12	6
zealgt	zealbc1_only	2937065	16	14
zealgt	zealbc1_only	2938235	11	9
zealgt	zealbc1_only	2938330	21	14
zealgt	shared	2938433	23	21
zealgt	zealbc1_only	2938499	12	8
zealgt	shared	2938529	13	9
zealgt	zealbc1_only	2939064	31	29
zealgt	shared	2939359	22	17
zealgt	shared	2939505	18	14
zealgt	zealbc1_only	2939625	12	7
zealgt	shared	2939662	26	23
zealgt	zealbc1_only	2940177	9	5
zealgt	zealbc1_only	2940236	14	8
zealgt	zealbc1_only	2940612	6	2
zealgt	shared	2985826	18	10
zealgt	shared	2990362	16	14
zealgt	zealbc1_only	2990543	2	2
zealgt	shared	2993112	10	10
zealgt	shared	3010679	27	19
zealgt	zealbc1_only	3010732	13	5
zealgt	shared	3067126	49	34
zealgt	shared	3067378	40	16
zealgt	zealbc1_only	3067914	13	4
zealgt	zealbc1_only	3071585	10	6
zealgt	shared	3194779	15	10
zealgt	zealbc1_only	3254298	14	6
zealgt	zealbc1_only	3254311	14	6
zealgt	zealbc1_only	3254335	8	4
zealgt	zealbc1_only	3257391	14	9
zealgt	zealbc1_only	3257400	14	9
zealgt	shared	3320241	25	15
zealgt	shared	3333951	46	35
zealgt	zealbc1_only	3447332	6	4
zealgt	zealbc1_only	3528150	11	8
zealgt	zealbc1_only	3528253	10	6
zealgt	shared	3528339	9	8
zealgt	shared	3528685	9	9
zealgt	zealbc1_only	3528784	10	10
zealgt	zealbc1_only	3528874	19	17
zealgt	shared	3532950	12	10
zealgt	shared	3533141	21	18
zealgt	zealbc1_only	3533209	13	11
zealgt	zealbc1_only	3533211	13	11
zealgt	shared	3533376	17	13
zealgt	zealbc1_only	3533468	13	12
zealgt	zealbc1_only	3533484	10	10
zealgt	zealbc1_only	3533503	14	14
zealgt	shared	3533541	13	13
zealgt	shared	3533836	7	7
zealgt	zealbc1_only	3534884	16	15
zealgt	zealbc1_only	3535460	14	9
zealgt	zealbc1_only	3535463	7	2
zealgt	shared	3537103	7	7
zealgt	zealbc1_only	3570947	14	11
zealgt	zealbc1_only	3571031	16	13
zealgt	shared	3729392	9	8
zealgt	zealbc1_only	3735074	10	10
zealgt	zealbc1_only	3759306	10	7
zealgt	zealbc1_only	3759326	6	5
zealgt	shared	3760347	11	10
zealgt	shared	3767481	14	11
zealgt	zealbc1_only	3767489	13	10
zealgt	zealbc1_only	3790017	12	8
zealgt	zealbc1_only	3811689	15	7
zealgt	zealbc1_only	3844086	13	12
zealgt	shared	3849125	13	13
zealgt	zealbc1_only	3849349	7	7
zealgt	zealbc1_only	3849353	7	6
zealgt	zealbc1_only	3849357	7	7
zealgt	zealbc1_only	3849376	12	12
zealgt	zealbc1_only	3849422	13	11
zealgt	shared	3855091	10	8
zealgt	zealbc1_only	3874059	30	27
zealgt	shared	3885502	14	11
zealgt	zealbc1_only	3925257	11	7
zealgt	zealbc1_only	3927618	7	5
zealgt	zealbc1_only	3928379	17	11
zealgt	shared	3929074	32	22
zealgt	shared	3929544	37	24
zealgt	shared	3929838	7	7
zealgt	shared	3930321	19	14
zealgt	zealbc1_only	3930597	16	8
zealgt	zealbc1_only	3931118	24	13
zealgt	shared	3931225	22	17
zealgt	shared	3931628	20	18
zealgt	zealbc1_only	3931739	10	8
zealgt	zealbc1_only	3947004	13	9
zealgt	shared	3971181	24	21
zealgt	shared	3971217	16	12
zealgt	zealbc1_only	3971218	8	5
zealgt	shared	3971268	18	13
zealgt	shared	3971329	12	10
zealgt	shared	3971375	11	9
zealgt	zealbc1_only	3971449	11	6
zealgt	zealbc1_only	3971456	8	6
zealgt	shared	3971459	16	11
zealgt	shared	3971511	25	16
zealgt	zealbc1_only	3971517	7	6
zealgt	shared	3971533	14	13
zealgt	shared	3971607	19	10
zealgt	shared	3971669	41	24
zealgt	zealbc1_only	3971685	17	10
zealgt	shared	3971699	27	19
zealgt	shared	3971824	13	10
zealgt	shared	3971913	37	26
zealgt	shared	3971949	15	11
zealgt	zealbc1_only	3973499	24	18
zealgt	zealbc1_only	3973654	15	8
zealgt	zealbc1_only	3973669	11	7
zealgt	zealbc1_only	3973672	13	7
zealgt	shared	3973692	16	9
zealgt	shared	3973747	20	12
zealgt	zealbc1_only	3973768	34	17
zealgt	zealbc1_only	3973788	24	13
zealgt	shared	3973895	26	21
zealgt	zealbc1_only	3973971	20	15
zealgt	shared	3973980	27	24
zealgt	shared	3974244	42	41
zealgt	shared	3975370	51	46
zealgt	shared	3975560	46	41
zealgt	shared	3975740	42	38
zealgt	zealbc1_only	3975880	30	26
zealgt	shared	3975959	80	72
zealgt	shared	3976144	22	17
zealgt	shared	3976201	72	60
zealgt	shared	3976250	23	17
zealgt	zealbc1_only	3976338	68	52
zealgt	shared	3976391	55	38
zealgt	zealbc1_only	3976486	15	10
zealgt	shared	3976579	32	24
zealgt	shared	3976672	20	14
zealgt	shared	4004174	22	21
zealgt	shared	4005079	9	8
zealgt	shared	4005480	17	11
zealgt	zealbc1_only	4005819	7	5
zealgt	zealbc1_only	4015982	31	25
zealgt	shared	4016001	24	19
zealgt	zealbc1_only	4016002	29	22
zealgt	zealbc1_only	4016013	23	19
zealgt	shared	4016297	21	21
zealgt	zealbc1_only	4019063	24	22
zealgt	zealbc1_only	4019140	15	9
zealgt	zealbc1_only	4019142	14	12
zealgt	zealbc1_only	4019152	24	19
zealgt	zealbc1_only	4019169	11	8
zealgt	zealbc1_only	4019178	9	6
zealgt	zealbc1_only	4019353	22	19
zealgt	zealbc1_only	4019355	20	18
zealgt	zealbc1_only	4019376	14	13
zealgt	zealbc1_only	4019378	14	13
zealgt	zealbc1_only	4019403	22	19
zealgt	zealbc1_only	4019405	14	11
zealgt	zealbc1_only	4019528	14	10
zealgt	zealbc1_only	4019549	13	9
zealgt	zealbc1_only	4019568	12	11
zealgt	zealbc1_only	4019593	14	11
zealgt	zealbc1_only	4019595	23	18
zealgt	zealbc1_only	4019600	14	11
zealgt	shared	4019644	17	16
zealgt	zealbc1_only	4019659	7	6
zealgt	zealbc1_only	4019665	19	16
zealgt	shared	4019679	10	10
zealgt	zealbc1_only	4019824	23	23
zealgt	zealbc1_only	4020353	14	8
zealgt	zealbc1_only	4020389	19	15
zealgt	shared	4044262	19	15
zealgt	zealbc1_only	4044311	17	10
zealgt	zealbc1_only	4044317	10	6
zealgt	zealbc1_only	4044331	39	24
zealgt	zealbc1_only	4044332	23	16
zealgt	zealbc1_only	4044339	14	9
zealgt	zealbc1_only	4044353	15	13
zealgt	zealbc1_only	4044354	11	8
zealgt	zealbc1_only	4044362	21	15
zealgt	zealbc1_only	4044368	10	5
zealgt	zealbc1_only	4044399	17	13
zealgt	zealbc1_only	4044441	45	29
zealgt	zealbc1_only	4044443	19	14
zealgt	zealbc1_only	4044500	14	8
zealgt	zealbc1_only	4044502	27	19
zealgt	zealbc1_only	4044523	24	18
zealgt	zealbc1_only	4044527	11	8
zealgt	zealbc1_only	4044578	30	27
zealgt	zealbc1_only	4044581	12	6
zealgt	zealbc1_only	4044585	12	6
zealgt	zealbc1_only	4044586	10	10
zealgt	zealbc1_only	4044605	10	6
zealgt	zealbc1_only	4044611	9	6
zealgt	shared	4044623	14	12
zealgt	shared	4044703	43	28
zealgt	zealbc1_only	4044706	44	26
zealgt	shared	4044778	20	17
zealgt	shared	4044821	25	19
zealgt	zealbc1_only	4044857	37	27
zealgt	zealbc1_only	4044880	8	5
zealgt	zealbc1_only	4044906	10	5
zealgt	zealbc1_only	4044918	36	25
zealgt	zealbc1_only	4044931	30	22
zealgt	zealbc1_only	4044976	37	26
zealgt	zealbc1_only	4045180	11	8
zealgt	zealbc1_only	4045187	18	16
zealgt	zealbc1_only	4045189	14	8
zealgt	zealbc1_only	4045225	16	10
zealgt	zealbc1_only	4045309	18	12
zealgt	zealbc1_only	4045869	24	18
zealgt	shared	4045889	28	23
zealgt	shared	4045955	41	36
zealgt	zealbc1_only	4046005	24	18
zealgt	zealbc1_only	4046102	14	12
zealgt	shared	4046494	20	19
zealgt	zealbc1_only	4046583	31	15
zealgt	shared	4046650	12	11
zealgt	shared	4046668	18	12
zealgt	shared	4046797	28	21
zealgt	shared	4046831	28	23
zealgt	shared	4046858	28	24
zealgt	shared	4046888	32	20
zealgt	shared	4046933	35	32
zealgt	shared	4047132	32	22
zealgt	shared	4047215	47	25
zealgt	shared	4047260	44	34
zealgt	zealbc1_only	4047301	40	29
zealgt	shared	4049882	22	15
zealgt	shared	4054376	20	13
zealgt	shared	4054814	17	10
zealgt	shared	4055517	13	11
zealgt	shared	4055544	50	36
zealgt	shared	4055592	16	11
zealgt	shared	4055757	26	21
zealgt	shared	4055901	33	28
zealgt	shared	4057226	36	28
zealgt	shared	4057425	26	24
zealgt	shared	4059344	17	16
zealgt	shared	4059834	15	12
zealgt	zealbc1_only	4061675	19	17
zealgt	zealbc1_only	4061706	16	14
zealgt	zealbc1_only	4061713	15	14
zealgt	zealbc1_only	4062285	9	6
zealgt	zealbc1_only	4062286	8	6
zealgt	zealbc1_only	4062301	31	21
zealgt	shared	4062330	36	28
zealgt	shared	4063858	10	10
zealgt	zealbc1_only	4064119	6	4
zealgt	zealbc1_only	4064559	10	7
zealgt	zealbc1_only	4064584	12	7
zealgt	zealbc1_only	4064587	10	7
zealgt	zealbc1_only	4064605	11	7
zealgt	zealbc1_only	4064660	11	8
zealgt	zealbc1_only	4067279	12	9
zealgt	zealbc1_only	4067281	10	8
zealgt	zealbc1_only	4067612	8	5
zealgt	zealbc1_only	4067627	7	4
zealgt	zealbc1_only	4067655	6	3
zealgt	zealbc1_only	4093594	19	11
zealgt	zealbc1_only	4093616	20	12
zealgt	shared	4126496	11	10
zealgt	zealbc1_only	4126544	15	15
zealgt	zealbc1_only	4127175	6	6
zealgt	zealbc1_only	4127199	7	7
zealgt	shared	4128309	8	7
zealgt	zealbc1_only	4144638	5	3
zealgt	zealbc1_only	4144641	5	3
zealgt	shared	4144850	6	5
zealgt	zealbc1_only	4145454	10	9
zealgt	zealbc1_only	4147894	14	11
zealgt	shared	4151425	7	6
zealgt	zealbc1_only	4172804	6	5
zealgt	zealbc1_only	4194896	11	7
zealgt	zealbc1_only	4195163	17	14
zealgt	zealbc1_only	4195168	27	22
zealgt	zealbc1_only	4213126	7	5
zealgt	shared	4213272	6	6
zealgt	zealbc1_only	4214489	6	4
zealgt	shared	4214503	10	6
zealgt	zealbc1_only	4214618	6	4
zealgt	zealbc1_only	4214634	6	4
zealgt	shared	4214780	17	14
zealgt	zealbc1_only	4214818	12	8
zealgt	zealbc1_only	4214819	12	8
zealgt	zealbc1_only	4216048	7	7
zealgt	zealbc1_only	4222577	5	3
zealgt	zealbc1_only	4222590	5	3
zealgt	zealbc1_only	4222595	7	4
zealgt	zealbc1_only	4232596	5	4
zealgt	zealbc1_only	4239231	19	11
zealgt	zealbc1_only	4269459	15	13
zealgt	zealbc1_only	4281128	10	9
zealgt	shared	4281247	6	6
zealgt	zealbc1_only	4282703	5	3
zealgt	zealbc1_only	4282713	5	3
zealgt	shared	4284979	5	5
zealgt	zealbc1_only	4352649	6	6
zealgt	zealbc1_only	4355005	7	7
zealgt	zealbc1_only	4355010	9	7
zealgt	zealbc1_only	4355059	10	8
zealgt	zealbc1_only	4402755	7	7
zealgt	zealbc1_only	4405962	11	8
zealgt	shared	4405992	14	10
zealgt	shared	4590175	8	8
zealgt	zealbc1_only	4590730	16	13
zealgt	zealbc1_only	4591039	9	7
zealgt	shared	4604809	9	9
zealgt	shared	4656312	21	15
zealgt	zealbc1_only	4656380	8	5
zealgt	zealbc1_only	4656393	8	5
zealgt	shared	4663169	12	10
zealgt	zealbc1_only	4663224	8	8
zealgt	shared	4663565	21	20
zealgt	zealbc1_only	4663621	23	17
zealgt	shared	4665660	13	12
zealgt	shared	4771044	11	9
zealgt	zealbc1_only	4771045	11	9
zealgt	zealbc1_only	4846867	12	10
zealgt	zealbc1_only	4879107	16	15
zealgt	zealbc1_only	4932087	17	13
zealgt	zealbc1_only	4932092	16	12
zealgt	zealbc1_only	4932093	16	12
zealgt	shared	4955608	11	9
zealgt	zealbc1_only	4955823	10	7
zealgt	zealbc1_only	4955924	6	4
zealgt	zealbc1_only	4962743	7	6
zealgt	zealbc1_only	5014783	13	6
zealgt	zealbc1_only	5014789	9	6
zealgt	zealbc1_only	5014803	13	8
zealgt	shared	5014891	16	11
zealgt	zealbc1_only	5015364	18	15
zealgt	shared	5017191	20	18
zealgt	shared	5021546	20	17
zealgt	zealbc1_only	5021815	11	9
zealgt	shared	5021937	14	9
zealgt	shared	5022437	25	24
zealgt	shared	5022547	13	12
zealgt	shared	5022677	16	16
zealgt	shared	5022835	17	16
zealgt	zealbc1_only	5023066	9	5
zealgt	shared	5023085	8	7
zealgt	zealbc1_only	5023160	15	11
zealgt	zealbc1_only	5023165	15	10
zealgt	zealbc1_only	5023168	14	11
zealgt	zealbc1_only	5023179	12	9
zealgt	shared	5023515	9	9
zealgt	shared	5023859	12	7
zealgt	zealbc1_only	5023877	18	5
zealgt	zealbc1_only	5023880	18	5
zealgt	zealbc1_only	5023881	19	5
zealgt	shared	5023916	24	18
zealgt	shared	5023956	19	15
zealgt	shared	5023995	19	17
zealgt	shared	5024093	13	9
zealgt	shared	5024311	21	19
zealgt	shared	5025579	18	16
zealgt	zealbc1_only	5025609	16	13
zealgt	zealbc1_only	5025611	17	14
zealgt	zealbc1_only	5025636	13	12
zealgt	shared	5025782	18	11
zealgt	shared	5025849	28	22
zealgt	shared	5026109	23	21
zealgt	shared	5026137	25	21
zealgt	zealbc1_only	5029091	35	31
zealgt	zealbc1_only	5029120	31	28
zealgt	shared	5029957	14	14
zealgt	zealbc1_only	5030398	34	30
zealgt	zealbc1_only	5030948	31	28
zealgt	zealbc1_only	5038142	5	4
zealgt	zealbc1_only	5086124	7	7
zealgt	zealbc1_only	5166894	6	5
zealgt	shared	5166932	9	8
zealgt	zealbc1_only	5167474	8	7
zealgt	zealbc1_only	5170070	18	10
zealgt	zealbc1_only	5170148	21	13
zealgt	zealbc1_only	5171395	7	6
zealgt	zealbc1_only	5217446	11	9
zealgt	zealbc1_only	5217465	8	7
zealgt	shared	5218253	7	7
zealgt	zealbc1_only	5223636	17	16
zealgt	zealbc1_only	5317079	7	7
zealgt	zealbc1_only	5335016	12	8
zealgt	zealbc1_only	5335047	10	5
zealgt	zealbc1_only	5335049	10	6
zealgt	zealbc1_only	5335060	11	6
zealgt	zealbc1_only	5335078	8	5
zealgt	zealbc1_only	5335093	9	6
zealgt	shared	5335114	12	7
zealgt	zealbc1_only	5335125	13	8
zealgt	shared	5347674	20	18
zealgt	zealbc1_only	5347708	17	13
zealgt	zealbc1_only	5350393	8	6
zealgt	zealbc1_only	5363046	20	19
zealgt	shared	5363890	6	6
zealgt	shared	5372031	40	23
zealgt	zealbc1_only	5440800	21	20
zealgt	zealbc1_only	5440804	9	8
zealgt	zealbc1_only	5440815	22	21
zealgt	zealbc1_only	5477575	5	5
zealgt	zealbc1_only	5516325	8	7
zealgt	shared	5516790	19	19
zealgt	zealbc1_only	5518516	21	13
zealgt	zealbc1_only	5518522	21	13
zealgt	zealbc1_only	5519648	5	5
zealgt	zealbc1_only	5522208	15	14
zealgt	zealbc1_only	5524218	12	11
zealgt	zealbc1_only	5524250	14	14
zealgt	zealbc1_only	5524274	11	11
zealgt	zealbc1_only	5525871	11	8
zealgt	zealbc1_only	5526060	15	8
zealgt	zealbc1_only	5526177	13	11
zealgt	shared	5549125	8	8
zealgt	zealbc1_only	5570498	12	12
zealgt	shared	5608364	9	7
zealgt	zealbc1_only	5652561	5	4
zealgt	zealbc1_only	5652568	5	4
zealgt	shared	5665146	5	5
zealgt	zealbc1_only	5665816	15	14
zealgt	zealbc1_only	5665822	14	13
zealgt	zealbc1_only	5668072	7	5
zealgt	shared	5668263	11	11
zealgt	zealbc1_only	5669855	15	13
zealgt	zealbc1_only	5671698	10	10
zealgt	zealbc1_only	5673313	10	9
zealgt	shared	5676527	6	5
zealgt	shared	5745150	13	12
zealgt	shared	5746874	4	4
zealgt	zealbc1_only	5809442	8	8
zealgt	zealbc1_only	5810547	7	4
zealgt	zealbc1_only	5810832	15	12
zealgt	shared	5811772	15	7
zealgt	zealbc1_only	5813092	7	6
zealgt	zealbc1_only	5816740	8	5
zealgt	zealbc1_only	5816828	10	7
zealgt	zealbc1_only	5816834	10	7
zealgt	shared	5849360	12	9
zealgt	zealbc1_only	5849464	9	7
zealgt	zealbc1_only	5849466	7	6
zealgt	shared	5946924	24	21
zealgt	zealbc1_only	5954281	13	9
zealgt	shared	5955268	33	30
zealgt	zealbc1_only	5955503	40	36
zealgt	shared	5975254	10	9
zealgt	zealbc1_only	5978408	6	2
zealgt	zealbc1_only	5979467	15	13
zealgt	zealbc1_only	5979497	15	12
zealgt	zealbc1_only	5979521	9	6
zealgt	zealbc1_only	6000477	15	7
zealgt	shared	6000526	13	10
zealgt	zealbc1_only	6000708	13	10
zealgt	zealbc1_only	6000732	16	14
zealgt	zealbc1_only	6000735	14	13
zealgt	zealbc1_only	6000773	7	7
zealgt	zealbc1_only	6000791	8	7
zealgt	zealbc1_only	6000797	7	7
zealgt	zealbc1_only	6001856	8	8
zealgt	zealbc1_only	6001857	8	8
zealgt	shared	6001922	6	6
zealgt	zealbc1_only	6003870	14	12
zealgt	zealbc1_only	6007182	4	4
zealgt	shared	6010336	14	10
zealgt	zealbc1_only	6116235	9	6
zealgt	shared	6117022	14	14
zealgt	shared	6117091	11	10
zealgt	shared	6142954	35	30
zealgt	zealbc1_only	6143478	14	11
zealgt	zealbc1_only	6181240	12	9
zealgt	zealbc1_only	6196674	15	13
zealgt	zealbc1_only	6196691	12	10
zealgt	zealbc1_only	6196695	12	10
zealgt	shared	6197029	13	12
zealgt	shared	6201120	7	7
zealgt	zealbc1_only	6204448	13	13
zealgt	shared	6205194	15	13
zealgt	zealbc1_only	6209958	9	9
zealgt	shared	6209964	8	8
zealgt	zealbc1_only	6251072	12	9
zealgt	zealbc1_only	6252799	10	6
zealgt	zealbc1_only	6252819	9	7
zealgt	zealbc1_only	6252831	13	11
zealgt	zealbc1_only	6252842	9	7
zealgt	shared	6253873	8	7
zealgt	zealbc1_only	6289452	21	19
zealgt	zealbc1_only	6289458	21	19
zealgt	zealbc1_only	6289523	17	12
zealgt	zealbc1_only	6289524	18	13
zealgt	zealbc1_only	6289563	14	13
zealgt	zealbc1_only	6289601	16	13
zealgt	zealbc1_only	6289612	13	11
zealgt	zealbc1_only	6344663	17	11
zealgt	zealbc1_only	6344675	17	9
zealgt	zealbc1_only	6344759	13	8
zealgt	zealbc1_only	6355965	6	4
zealgt	shared	6356004	11	8
zealgt	shared	6356159	8	6
zealgt	zealbc1_only	6536782	9	9
zealgt	zealbc1_only	6536879	9	9
zealgt	zealbc1_only	6537046	11	10
zealgt	zealbc1_only	6537052	11	9
zealgt	zealbc1_only	6537055	10	9
zealgt	zealbc1_only	6538991	8	4
zealgt	zealbc1_only	6538998	8	4
zealgt	zealbc1_only	6539001	8	4
zealgt	zealbc1_only	6544689	9	8
zealgt	zealbc1_only	6544691	9	8
zealgt	shared	6544840	8	7
zealgt	zealbc1_only	6545260	7	6
zealgt	zealbc1_only	6771961	16	10
zealgt	zealbc1_only	6771976	15	8
zealgt	shared	6772019	15	10
zealgt	zealbc1_only	6772054	11	6
zealgt	zealbc1_only	6772085	6	6
zealgt	zealbc1_only	6787479	7	7
zealgt	zealbc1_only	6806995	8	5
zealgt	shared	6811004	8	8
zealgt	zealbc1_only	6826636	13	12
zealgt	zealbc1_only	6826650	12	11
zealgt	shared	6843501	10	7
zealgt	zealbc1_only	6854635	11	4
zealgt	zealbc1_only	6854707	11	6
zealgt	zealbc1_only	6854721	10	5
zealgt	shared	7193295	14	14
zealgt	zealbc1_only	7193321	14	13
zealgt	zealbc1_only	7193708	9	7
zealgt	zealbc1_only	7193725	10	8
zealgt	zealbc1_only	7205278	6	4
zealgt	shared	7252066	15	10
zealgt	shared	7257384	12	11
zealgt	shared	7257446	11	10
zealgt	zealbc1_only	7257530	9	7
zealgt	shared	7257547	11	9
zealgt	zealbc1_only	7257661	7	5
zealgt	zealbc1_only	7273652	25	17
zealgt	shared	7274215	9	9
zealgt	zealbc1_only	7276417	16	14
zealgt	zealbc1_only	7368449	9	8
zealgt	zealbc1_only	7368717	6	4
zealgt	zealbc1_only	7368807	7	5
zealgt	shared	7369137	6	5
zealgt	zealbc1_only	7371095	20	16
zealgt	zealbc1_only	7371128	16	13
zealgt	zealbc1_only	7371182	16	14
zealgt	zealbc1_only	7371465	20	15
zealgt	zealbc1_only	7371471	19	14
zealgt	zealbc1_only	7398388	13	9
zealgt	zealbc1_only	7398409	11	7
zealgt	zealbc1_only	7398523	7	7
zealgt	zealbc1_only	7398558	8	7
zealgt	zealbc1_only	7398608	10	8
zealgt	shared	7398652	10	8
zealgt	zealbc1_only	7398657	9	6
zealgt	shared	7398901	12	11
zealgt	shared	7398920	8	8
zealgt	zealbc1_only	7400999	14	13
zealgt	shared	7401038	19	17
zealgt	zealbc1_only	7450394	19	18
zealgt	zealbc1_only	7454226	12	9
zealgt	shared	7465521	12	10
zealgt	shared	7465927	12	10
zealgt	zealbc1_only	7465994	11	7
zealgt	zealbc1_only	7465996	12	8
zealgt	zealbc1_only	7466010	10	8
zealgt	shared	7466062	8	7
zealgt	zealbc1_only	7535724	8	5
zealgt	zealbc1_only	7691912	18	11
zealgt	shared	7747141	7	7
zealgt	zealbc1_only	7747757	14	10
zealgt	zealbc1_only	7902951	8	6
zealgt	zealbc1_only	7902970	8	6
zealgt	shared	7905185	9	9
zealgt	zealbc1_only	7909523	9	5
zealgt	shared	7909869	20	18
zealgt	shared	8090139	10	9
zealgt	zealbc1_only	8096467	21	15
zealgt	shared	8096468	22	16
zealgt	zealbc1_only	8096495	22	19
zealgt	shared	8167771	18	15
zealgt	shared	8167817	12	11
zealgt	zealbc1_only	8167854	10	7
zealgt	shared	8167910	6	6
zealgt	zealbc1_only	8168209	9	6
zealgt	zealbc1_only	8168236	12	9
zealgt	zealbc1_only	8168242	11	7
zealgt	shared	8168329	12	10
zealgt	zealbc1_only	8172560	8	4
zealgt	zealbc1_only	8172569	9	5
zealgt	zealbc1_only	8249222	14	11
zealgt	zealbc1_only	8249759	17	15
zealgt	zealbc1_only	8308106	13	10
zealgt	zealbc1_only	8308132	10	7
zealgt	zealbc1_only	8308141	10	7
zealgt	zealbc1_only	8308143	11	6
zealgt	zealbc1_only	8349405	10	9
zealgt	zealbc1_only	8349540	13	12
zealgt	zealbc1_only	8350123	14	11
zealgt	zealbc1_only	8350175	18	11
zealgt	zealbc1_only	8350180	16	11
zealgt	zealbc1_only	8350182	17	11
zealgt	zealbc1_only	8350193	16	11
zealgt	zealbc1_only	8350199	17	11
zealgt	zealbc1_only	8350216	18	13
zealgt	zealbc1_only	8424276	10	6
zealgt	zealbc1_only	8424915	16	14
zealgt	shared	8425338	11	8
zealgt	shared	8429780	7	5
zealgt	shared	8483210	12	11
zealgt	zealbc1_only	8524886	22	19
zealgt	zealbc1_only	8535225	8	6
zealgt	shared	8536749	10	10
zealgt	shared	8539170	8	7
zealgt	zealbc1_only	8539481	11	9
zealgt	shared	8545856	9	9
zealgt	zealbc1_only	8548030	5	2
zealgt	zealbc1_only	8548047	8	4
zealgt	shared	8548155	12	10
zealgt	zealbc1_only	8595633	12	10
zealgt	zealbc1_only	8598446	12	10
zealgt	zealbc1_only	8602955	9	8
zealgt	shared	8602956	9	8
zealgt	zealbc1_only	8612095	15	15
zealgt	shared	8616633	9	6
zealgt	zealbc1_only	8658371	7	5
zealgt	zealbc1_only	8666937	8	8
zealgt	zealbc1_only	8668601	6	3
zealgt	zealbc1_only	8668602	6	3
zealgt	zealbc1_only	8668605	6	3
zealgt	zealbc1_only	8671840	11	10
zealgt	zealbc1_only	8675157	10	9
zealgt	shared	8676087	8	6
zealgt	zealbc1_only	8757169	10	8
zealgt	shared	8757967	8	7
zealgt	zealbc1_only	8822434	9	6
zealgt	zealbc1_only	8822435	10	7
zealgt	zealbc1_only	8969120	18	16
zealgt	zealbc1_only	8969124	17	15
zealgt	zealbc1_only	8969174	15	14
zealgt	shared	9041409	9	9
zealgt	zealbc1_only	9047361	9	7
zealgt	zealbc1_only	9050392	14	11
zealgt	zealbc1_only	9050401	15	11
zealgt	zealbc1_only	9052594	20	15
zealgt	shared	9094262	8	7
zealgt	zealbc1_only	9094281	8	6
zealgt	zealbc1_only	9094334	9	7
zealgt	zealbc1_only	9094345	12	9
zealgt	zealbc1_only	9094427	6	6
zealgt	shared	9094471	9	7
zealgt	zealbc1_only	9094534	11	9
zealgt	zealbc1_only	9094559	11	10
zealgt	zealbc1_only	9094560	11	10
zealgt	zealbc1_only	9094665	8	5
zealgt	zealbc1_only	9094695	7	6
zealgt	shared	9094740	6	5
zealgt	zealbc1_only	9097924	20	13
zealgt	zealbc1_only	9097925	19	13
zealgt	zealbc1_only	9098320	9	7
zealgt	zealbc1_only	9111474	16	11
zealgt	zealbc1_only	9111687	11	9
zealgt	shared	9111817	14	12
zealgt	shared	9112319	10	9
zealgt	zealbc1_only	9112377	9	6
zealgt	zealbc1_only	9112435	9	5
zealgt	zealbc1_only	9112553	17	15
zealgt	zealbc1_only	9112563	17	15
zealgt	zealbc1_only	9112579	22	17
zealgt	shared	9112612	23	17
zealgt	shared	9113146	12	12
zealgt	zealbc1_only	9113181	12	11
zealgt	zealbc1_only	9113340	13	11
zealgt	zealbc1_only	9175477	11	10
zealgt	shared	9196838	22	18
zealgt	zealbc1_only	9199146	18	15
zealgt	shared	9204572	11	11
zealgt	zealbc1_only	9228289	13	13
zealgt	zealbc1_only	9229266	14	14
zealgt	zealbc1_only	9232571	9	9
zealgt	zealbc1_only	9232584	7	7
zealgt	zealbc1_only	9232669	6	4
zealgt	shared	9236130	13	11
zealgt	shared	9236229	14	12
zealgt	zealbc1_only	9248034	15	12
zealgt	zealbc1_only	9248106	9	9
zealgt	zealbc1_only	9248143	11	11
zealgt	zealbc1_only	9248146	10	10
zealgt	shared	9307485	9	8
zealgt	zealbc1_only	9360239	10	8
zealgt	shared	9360255	14	11
zealgt	shared	9360368	12	10
zealgt	shared	9360427	15	12
zealgt	shared	9360478	21	17
zealgt	shared	9360510	24	15
zealgt	shared	9360551	16	14
zealgt	zealbc1_only	9363155	6	6
zealgt	zealbc1_only	9364505	18	14
zealgt	zealbc1_only	9365182	16	15
zealgt	shared	9368071	5	5
zealgt	shared	9368362	7	5
zealgt	zealbc1_only	9368389	6	4
zealgt	zealbc1_only	9368404	5	3
zealgt	zealbc1_only	9368477	8	4
zealgt	zealbc1_only	9368557	10	7
zealgt	zealbc1_only	9368558	6	3
zealgt	zealbc1_only	9368632	10	7
zealgt	shared	9368808	25	16
zealgt	zealbc1_only	9368846	12	9
zealgt	zealbc1_only	9368847	20	16
zealgt	zealbc1_only	9370533	5	4
zealgt	shared	9410707	7	6
zealgt	zealbc1_only	9416052	16	13
zealgt	zealbc1_only	9416819	8	6
zealgt	shared	9418178	8	6
zealgt	zealbc1_only	9420083	12	10
zealgt	shared	9420286	14	11
zealgt	zealbc1_only	9420403	12	11
zealgt	zealbc1_only	9422197	13	13
zealgt	zealbc1_only	9423189	11	9
zealgt	shared	9429485	11	9
zealgt	zealbc1_only	9429935	13	8
zealgt	zealbc1_only	9430014	11	10
zealgt	zealbc1_only	9430064	6	5
zealgt	zealbc1_only	9430121	6	4
zealgt	zealbc1_only	9522662	19	18
zealgt	shared	9522767	21	11
zealgt	shared	9522774	23	14
zealgt	shared	9680432	15	11
zealgt	zealbc1_only	9681004	10	10
zealgt	zealbc1_only	9701301	12	9
zealgt	zealbc1_only	9741923	19	12
zealgt	shared	9741976	20	15
zealgt	zealbc1_only	9742295	9	7
zealgt	zealbc1_only	9742300	8	6
zealgt	zealbc1_only	9745063	6	3
zealgt	shared	9751911	6	6
zealgt	zealbc1_only	9752196	13	10
zealgt	zealbc1_only	9752203	17	11
zealgt	shared	9752251	14	13
zealgt	zealbc1_only	9752645	17	11
zealgt	zealbc1_only	9752696	14	7
zealgt	zealbc1_only	9752701	16	7
zealgt	zealbc1_only	9752719	13	5
zealgt	zealbc1_only	9756530	15	10
zealgt	zealbc1_only	9821782	8	6
zealgt	shared	9821978	25	22
zealgt	shared	9822027	13	12
zealgt	shared	9822134	30	24
zealgt	shared	9822186	24	19
zealgt	shared	9822335	24	20
zealgt	zealbc1_only	9839676	14	12
zealgt	zealbc1_only	9839749	16	12
zealgt	shared	9845514	8	6
zealgt	zealbc1_only	9981105	24	20
zealgt	zealbc1_only	9988614	7	6
zealgt	zealbc1_only	9988660	8	5
zealgt	shared	9997415	11	10
zealgt	shared	9997450	11	8
