crams	sites	feature	fraction	alt_reads
zealbc1	zealbc1_only	soft_clipped	0.0599	8805
zealbc1	zealbc1_only	near_5p	0.0688	8805
zealbc1	zealbc1_only	near_3p	0.0733	8805
zealbc1	zealbc1_only	dup_flag	0.0	8805
zealbc1	zealbc1_only	coord_dup	0.3039	8805
zealbc1	zealbc1_only	mapq_lt20	0.0	8805
zealbc1	zealbc1_only	bq_lt10	0.007	8805
zealbc1	shared	soft_clipped	0.0523	5735
zealbc1	shared	near_5p	0.0643	5735
zealbc1	shared	near_3p	0.0725	5735
zealbc1	shared	dup_flag	0.0	5735
zealbc1	shared	coord_dup	0.2068	5735
zealbc1	shared	mapq_lt20	0.0	5735
zealbc1	shared	bq_lt10	0.0052	5735
zealgt	zealbc1_only	soft_clipped	0.0516	9097
zealgt	zealbc1_only	near_5p	0.0697	9097
zealgt	zealbc1_only	near_3p	0.0744	9097
zealgt	zealbc1_only	dup_flag	0.1691	9097
zealgt	zealbc1_only	coord_dup	0.3053	9097
zealgt	zealbc1_only	mapq_lt20	0.0319	9097
zealgt	zealbc1_only	bq_lt10	0.0081	9097
zealgt	shared	soft_clipped	0.0439	6083
zealgt	shared	near_5p	0.0735	6083
zealgt	shared	near_3p	0.0745	6083
zealgt	shared	dup_flag	0.1152	6083
zealgt	shared	coord_dup	0.2104	6083
zealgt	shared	mapq_lt20	0.0431	6083
zealgt	shared	bq_lt10	0.0056	6083
