"sample_id","fastq_1","fastq_2","source","library","lanes","kit"
"P4003","/rsstu/users/r/rrellan/BZea/ZEAL/demultiplex/bc2s3_batch2/P4003_R1.fastq.gz","/rsstu/users/r/rrellan/BZea/ZEAL/demultiplex/bc2s3_batch2/P4003_R2.fastq.gz","bc2s3_batch2","V21C","V21C_WKDL260015042-1A_237VF5LT4_L6","twist_flexprep"
"P4011","/rsstu/users/r/rrellan/BZea/ZEAL/demultiplex/bc2s3_batch2/P4011_R1.fastq.gz","/rsstu/users/r/rrellan/BZea/ZEAL/demultiplex/bc2s3_batch2/P4011_R2.fastq.gz","bc2s3_batch2","V21C","V21C_WKDL260015042-1A_237VF5LT4_L6","twist_flexprep"
"P4019","/rsstu/users/r/rrellan/BZea/ZEAL/demultiplex/bc2s3_batch2/P4019_R1.fastq.gz","/rsstu/users/r/rrellan/BZea/ZEAL/demultiplex/bc2s3_batch2/P4019_R2.fastq.gz","bc2s3_batch2","V21C","V21C_WKDL260015042-1A_237VF5LT4_L6","twist_flexprep"
"P4027","/rsstu/users/r/rrellan/BZea/ZEAL/demultiplex/bc2s3_batch2/P4027_R1.fastq.gz","/rsstu/users/r/rrellan/BZea/ZEAL/demultiplex/bc2s3_batch2/P4027_R2.fastq.gz","bc2s3_batch2","V21C","V21C_WKDL260015042-1A_237VF5LT4_L6","twist_flexprep"
"P4035","/rsstu/users/r/rrellan/BZea/ZEAL/demultiplex/bc2s3_batch2/P4035_R1.fastq.gz","/rsstu/users/r/rrellan/BZea/ZEAL/demultiplex/bc2s3_batch2/P4035_R2.fastq.gz","bc2s3_batch2","V21C","V21C_WKDL260015042-1A_237VF5LT4_L6","twist_flexprep"
"P4043","/rsstu/users/r/rrellan/BZea/ZEAL/demultiplex/bc2s3_batch2/P4043_R1.fastq.gz","/rsstu/users/r/rrellan/BZea/ZEAL/demultiplex/bc2s3_batch2/P4043_R2.fastq.gz","bc2s3_batch2","V21C","V21C_WKDL260015042-1A_237VF5LT4_L6","twist_flexprep"
"P4051","/rsstu/users/r/rrellan/BZea/ZEAL/demultiplex/bc2s3_batch2/P4051_R1.fastq.gz","/rsstu/users/r/rrellan/BZea/ZEAL/demultiplex/bc2s3_batch2/P4051_R2.fastq.gz","bc2s3_batch2","V21C","V21C_WKDL260015042-1A_237VF5LT4_L6","twist_flexprep"
"P4059","/rsstu/users/r/rrellan/BZea/ZEAL/demultiplex/bc2s3_batch2/P4059_R1.fastq.gz","/rsstu/users/r/rrellan/BZea/ZEAL/demultiplex/bc2s3_batch2/P4059_R2.fastq.gz","bc2s3_batch2","V21C","V21C_WKDL260015042-1A_237VF5LT4_L6","twist_flexprep"
"P4067","/rsstu/users/r/rrellan/BZea/ZEAL/demultiplex/bc2s3_batch2/P4067_R1.fastq.gz","/rsstu/users/r/rrellan/BZea/ZEAL/demultiplex/bc2s3_batch2/P4067_R2.fastq.gz","bc2s3_batch2","V21C","V21C_WKDL260015042-1A_237VF5LT4_L6","twist_flexprep"
"P4075","/rsstu/users/r/rrellan/BZea/ZEAL/demultiplex/bc2s3_batch2/P4075_R1.fastq.gz","/rsstu/users/r/rrellan/BZea/ZEAL/demultiplex/bc2s3_batch2/P4075_R2.fastq.gz","bc2s3_batch2","V21C","V21C_WKDL260015042-1A_237VF5LT4_L6","twist_flexprep"
"P4083","/rsstu/users/r/rrellan/BZea/ZEAL/demultiplex/bc2s3_batch2/P4083_R1.fastq.gz","/rsstu/users/r/rrellan/BZea/ZEAL/demultiplex/bc2s3_batch2/P4083_R2.fastq.gz","bc2s3_batch2","V21C","V21C_WKDL260015042-1A_237VF5LT4_L6","twist_flexprep"
"P4091","/rsstu/users/r/rrellan/BZea/ZEAL/demultiplex/bc2s3_batch2/P4091_R1.fastq.gz","/rsstu/users/r/rrellan/BZea/ZEAL/demultiplex/bc2s3_batch2/P4091_R2.fastq.gz","bc2s3_batch2","V21C","V21C_WKDL260015042-1A_237VF5LT4_L6","twist_flexprep"
"P4002","/rsstu/users/r/rrellan/BZea/ZEAL/demultiplex/bc2s3_batch2/P4002_R1.fastq.gz","/rsstu/users/r/rrellan/BZea/ZEAL/demultiplex/bc2s3_batch2/P4002_R2.fastq.gz","bc2s3_batch2","V21B","V21B_WKDL260015041-1A_237VF5LT4_L6","twist_flexprep"
"P4010","/rsstu/users/r/rrellan/BZea/ZEAL/demultiplex/bc2s3_batch2/P4010_R1.fastq.gz","/rsstu/users/r/rrellan/BZea/ZEAL/demultiplex/bc2s3_batch2/P4010_R2.fastq.gz","bc2s3_batch2","V21B","V21B_WKDL260015041-1A_237VF5LT4_L6","twist_flexprep"
"P4018","/rsstu/users/r/rrellan/BZea/ZEAL/demultiplex/bc2s3_batch2/P4018_R1.fastq.gz","/rsstu/users/r/rrellan/BZea/ZEAL/demultiplex/bc2s3_batch2/P4018_R2.fastq.gz","bc2s3_batch2","V21B","V21B_WKDL260015041-1A_237VF5LT4_L6","twist_flexprep"
"P4026","/rsstu/users/r/rrellan/BZea/ZEAL/demultiplex/bc2s3_batch2/P4026_R1.fastq.gz","/rsstu/users/r/rrellan/BZea/ZEAL/demultiplex/bc2s3_batch2/P4026_R2.fastq.gz","bc2s3_batch2","V21B","V21B_WKDL260015041-1A_237VF5LT4_L6","twist_flexprep"
"P4034","/rsstu/users/r/rrellan/BZea/ZEAL/demultiplex/bc2s3_batch2/P4034_R1.fastq.gz","/rsstu/users/r/rrellan/BZea/ZEAL/demultiplex/bc2s3_batch2/P4034_R2.fastq.gz","bc2s3_batch2","V21B","V21B_WKDL260015041-1A_237VF5LT4_L6","twist_flexprep"
"P4042","/rsstu/users/r/rrellan/BZea/ZEAL/demultiplex/bc2s3_batch2/P4042_R1.fastq.gz","/rsstu/users/r/rrellan/BZea/ZEAL/demultiplex/bc2s3_batch2/P4042_R2.fastq.gz","bc2s3_batch2","V21B","V21B_WKDL260015041-1A_237VF5LT4_L6","twist_flexprep"
"P4050","/rsstu/users/r/rrellan/BZea/ZEAL/demultiplex/bc2s3_batch2/P4050_R1.fastq.gz","/rsstu/users/r/rrellan/BZea/ZEAL/demultiplex/bc2s3_batch2/P4050_R2.fastq.gz","bc2s3_batch2","V21B","V21B_WKDL260015041-1A_237VF5LT4_L6","twist_flexprep"
"P4058","/rsstu/users/r/rrellan/BZea/ZEAL/demultiplex/bc2s3_batch2/P4058_R1.fastq.gz","/rsstu/users/r/rrellan/BZea/ZEAL/demultiplex/bc2s3_batch2/P4058_R2.fastq.gz","bc2s3_batch2","V21B","V21B_WKDL260015041-1A_237VF5LT4_L6","twist_flexprep"
"P4066","/rsstu/users/r/rrellan/BZea/ZEAL/demultiplex/bc2s3_batch2/P4066_R1.fastq.gz","/rsstu/users/r/rrellan/BZea/ZEAL/demultiplex/bc2s3_batch2/P4066_R2.fastq.gz","bc2s3_batch2","V21B","V21B_WKDL260015041-1A_237VF5LT4_L6","twist_flexprep"
"P4074","/rsstu/users/r/rrellan/BZea/ZEAL/demultiplex/bc2s3_batch2/P4074_R1.fastq.gz","/rsstu/users/r/rrellan/BZea/ZEAL/demultiplex/bc2s3_batch2/P4074_R2.fastq.gz","bc2s3_batch2","V21B","V21B_WKDL260015041-1A_237VF5LT4_L6","twist_flexprep"
"P4082","/rsstu/users/r/rrellan/BZea/ZEAL/demultiplex/bc2s3_batch2/P4082_R1.fastq.gz","/rsstu/users/r/rrellan/BZea/ZEAL/demultiplex/bc2s3_batch2/P4082_R2.fastq.gz","bc2s3_batch2","V21B","V21B_WKDL260015041-1A_237VF5LT4_L6","twist_flexprep"
"P4090","/rsstu/users/r/rrellan/BZea/ZEAL/demultiplex/bc2s3_batch2/P4090_R1.fastq.gz","/rsstu/users/r/rrellan/BZea/ZEAL/demultiplex/bc2s3_batch2/P4090_R2.fastq.gz","bc2s3_batch2","V21B","V21B_WKDL260015041-1A_237VF5LT4_L6","twist_flexprep"
"P4001","/rsstu/users/r/rrellan/BZea/ZEAL/demultiplex/bc2s3_batch2/P4001_R1.fastq.gz","/rsstu/users/r/rrellan/BZea/ZEAL/demultiplex/bc2s3_batch2/P4001_R2.fastq.gz","bc2s3_batch2","V21A","V21A_WKDL260015040-1A_237VF5LT4_L6","twist_flexprep"
"P4009","/rsstu/users/r/rrellan/BZea/ZEAL/demultiplex/bc2s3_batch2/P4009_R1.fastq.gz","/rsstu/users/r/rrellan/BZea/ZEAL/demultiplex/bc2s3_batch2/P4009_R2.fastq.gz","bc2s3_batch2","V21A","V21A_WKDL260015040-1A_237VF5LT4_L6","twist_flexprep"
"P4017","/rsstu/users/r/rrellan/BZea/ZEAL/demultiplex/bc2s3_batch2/P4017_R1.fastq.gz","/rsstu/users/r/rrellan/BZea/ZEAL/demultiplex/bc2s3_batch2/P4017_R2.fastq.gz","bc2s3_batch2","V21A","V21A_WKDL260015040-1A_237VF5LT4_L6","twist_flexprep"
"P4025","/rsstu/users/r/rrellan/BZea/ZEAL/demultiplex/bc2s3_batch2/P4025_R1.fastq.gz","/rsstu/users/r/rrellan/BZea/ZEAL/demultiplex/bc2s3_batch2/P4025_R2.fastq.gz","bc2s3_batch2","V21A","V21A_WKDL260015040-1A_237VF5LT4_L6","twist_flexprep"
"P4033","/rsstu/users/r/rrellan/BZea/ZEAL/demultiplex/bc2s3_batch2/P4033_R1.fastq.gz","/rsstu/users/r/rrellan/BZea/ZEAL/demultiplex/bc2s3_batch2/P4033_R2.fastq.gz","bc2s3_batch2","V21A","V21A_WKDL260015040-1A_237VF5LT4_L6","twist_flexprep"
"P4041","/rsstu/users/r/rrellan/BZea/ZEAL/demultiplex/bc2s3_batch2/P4041_R1.fastq.gz","/rsstu/users/r/rrellan/BZea/ZEAL/demultiplex/bc2s3_batch2/P4041_R2.fastq.gz","bc2s3_batch2","V21A","V21A_WKDL260015040-1A_237VF5LT4_L6","twist_flexprep"
"P4049","/rsstu/users/r/rrellan/BZea/ZEAL/demultiplex/bc2s3_batch2/P4049_R1.fastq.gz","/rsstu/users/r/rrellan/BZea/ZEAL/demultiplex/bc2s3_batch2/P4049_R2.fastq.gz","bc2s3_batch2","V21A","V21A_WKDL260015040-1A_237VF5LT4_L6","twist_flexprep"
"P4057","/rsstu/users/r/rrellan/BZea/ZEAL/demultiplex/bc2s3_batch2/P4057_R1.fastq.gz","/rsstu/users/r/rrellan/BZea/ZEAL/demultiplex/bc2s3_batch2/P4057_R2.fastq.gz","bc2s3_batch2","V21A","V21A_WKDL260015040-1A_237VF5LT4_L6","twist_flexprep"
"P4065","/rsstu/users/r/rrellan/BZea/ZEAL/demultiplex/bc2s3_batch2/P4065_R1.fastq.gz","/rsstu/users/r/rrellan/BZea/ZEAL/demultiplex/bc2s3_batch2/P4065_R2.fastq.gz","bc2s3_batch2","V21A","V21A_WKDL260015040-1A_237VF5LT4_L6","twist_flexprep"
"P4073","/rsstu/users/r/rrellan/BZea/ZEAL/demultiplex/bc2s3_batch2/P4073_R1.fastq.gz","/rsstu/users/r/rrellan/BZea/ZEAL/demultiplex/bc2s3_batch2/P4073_R2.fastq.gz","bc2s3_batch2","V21A","V21A_WKDL260015040-1A_237VF5LT4_L6","twist_flexprep"
"P4081","/rsstu/users/r/rrellan/BZea/ZEAL/demultiplex/bc2s3_batch2/P4081_R1.fastq.gz","/rsstu/users/r/rrellan/BZea/ZEAL/demultiplex/bc2s3_batch2/P4081_R2.fastq.gz","bc2s3_batch2","V21A","V21A_WKDL260015040-1A_237VF5LT4_L6","twist_flexprep"
"P4089","/rsstu/users/r/rrellan/BZea/ZEAL/demultiplex/bc2s3_batch2/P4089_R1.fastq.gz","/rsstu/users/r/rrellan/BZea/ZEAL/demultiplex/bc2s3_batch2/P4089_R2.fastq.gz","bc2s3_batch2","V21A","V21A_WKDL260015040-1A_237VF5LT4_L6","twist_flexprep"
"P4007","/rsstu/users/r/rrellan/BZea/ZEAL/demultiplex/bc2s3_batch2/P4007_R1.fastq.gz","/rsstu/users/r/rrellan/BZea/ZEAL/demultiplex/bc2s3_batch2/P4007_R2.fastq.gz","bc2s3_batch2","V21G","V21G_WKDL260015046-1A_237VF5LT4_L6","twist_flexprep"
"P4015","/rsstu/users/r/rrellan/BZea/ZEAL/demultiplex/bc2s3_batch2/P4015_R1.fastq.gz","/rsstu/users/r/rrellan/BZea/ZEAL/demultiplex/bc2s3_batch2/P4015_R2.fastq.gz","bc2s3_batch2","V21G","V21G_WKDL260015046-1A_237VF5LT4_L6","twist_flexprep"
"P4023","/rsstu/users/r/rrellan/BZea/ZEAL/demultiplex/bc2s3_batch2/P4023_R1.fastq.gz","/rsstu/users/r/rrellan/BZea/ZEAL/demultiplex/bc2s3_batch2/P4023_R2.fastq.gz","bc2s3_batch2","V21G","V21G_WKDL260015046-1A_237VF5LT4_L6","twist_flexprep"
"P4031","/rsstu/users/r/rrellan/BZea/ZEAL/demultiplex/bc2s3_batch2/P4031_R1.fastq.gz","/rsstu/users/r/rrellan/BZea/ZEAL/demultiplex/bc2s3_batch2/P4031_R2.fastq.gz","bc2s3_batch2","V21G","V21G_WKDL260015046-1A_237VF5LT4_L6","twist_flexprep"
"P4039","/rsstu/users/r/rrellan/BZea/ZEAL/demultiplex/bc2s3_batch2/P4039_R1.fastq.gz","/rsstu/users/r/rrellan/BZea/ZEAL/demultiplex/bc2s3_batch2/P4039_R2.fastq.gz","bc2s3_batch2","V21G","V21G_WKDL260015046-1A_237VF5LT4_L6","twist_flexprep"
"P4047","/rsstu/users/r/rrellan/BZea/ZEAL/demultiplex/bc2s3_batch2/P4047_R1.fastq.gz","/rsstu/users/r/rrellan/BZea/ZEAL/demultiplex/bc2s3_batch2/P4047_R2.fastq.gz","bc2s3_batch2","V21G","V21G_WKDL260015046-1A_237VF5LT4_L6","twist_flexprep"
"P4055","/rsstu/users/r/rrellan/BZea/ZEAL/demultiplex/bc2s3_batch2/P4055_R1.fastq.gz","/rsstu/users/r/rrellan/BZea/ZEAL/demultiplex/bc2s3_batch2/P4055_R2.fastq.gz","bc2s3_batch2","V21G","V21G_WKDL260015046-1A_237VF5LT4_L6","twist_flexprep"
"P4063","/rsstu/users/r/rrellan/BZea/ZEAL/demultiplex/bc2s3_batch2/P4063_R1.fastq.gz","/rsstu/users/r/rrellan/BZea/ZEAL/demultiplex/bc2s3_batch2/P4063_R2.fastq.gz","bc2s3_batch2","V21G","V21G_WKDL260015046-1A_237VF5LT4_L6","twist_flexprep"
"P4071","/rsstu/users/r/rrellan/BZea/ZEAL/demultiplex/bc2s3_batch2/P4071_R1.fastq.gz","/rsstu/users/r/rrellan/BZea/ZEAL/demultiplex/bc2s3_batch2/P4071_R2.fastq.gz","bc2s3_batch2","V21G","V21G_WKDL260015046-1A_237VF5LT4_L6","twist_flexprep"
"P4079","/rsstu/users/r/rrellan/BZea/ZEAL/demultiplex/bc2s3_batch2/P4079_R1.fastq.gz","/rsstu/users/r/rrellan/BZea/ZEAL/demultiplex/bc2s3_batch2/P4079_R2.fastq.gz","bc2s3_batch2","V21G","V21G_WKDL260015046-1A_237VF5LT4_L6","twist_flexprep"
"P4087","/rsstu/users/r/rrellan/BZea/ZEAL/demultiplex/bc2s3_batch2/P4087_R1.fastq.gz","/rsstu/users/r/rrellan/BZea/ZEAL/demultiplex/bc2s3_batch2/P4087_R2.fastq.gz","bc2s3_batch2","V21G","V21G_WKDL260015046-1A_237VF5LT4_L6","twist_flexprep"
"P4095","/rsstu/users/r/rrellan/BZea/ZEAL/demultiplex/bc2s3_batch2/P4095_R1.fastq.gz","/rsstu/users/r/rrellan/BZea/ZEAL/demultiplex/bc2s3_batch2/P4095_R2.fastq.gz","bc2s3_batch2","V21G","V21G_WKDL260015046-1A_237VF5LT4_L6","twist_flexprep"
"P4005","/rsstu/users/r/rrellan/BZea/ZEAL/demultiplex/bc2s3_batch2/P4005_R1.fastq.gz","/rsstu/users/r/rrellan/BZea/ZEAL/demultiplex/bc2s3_batch2/P4005_R2.fastq.gz","bc2s3_batch2","V21E","V21E_WKDL260015044-1A_237VF5LT4_L6","twist_flexprep"
"P4013","/rsstu/users/r/rrellan/BZea/ZEAL/demultiplex/bc2s3_batch2/P4013_R1.fastq.gz","/rsstu/users/r/rrellan/BZea/ZEAL/demultiplex/bc2s3_batch2/P4013_R2.fastq.gz","bc2s3_batch2","V21E","V21E_WKDL260015044-1A_237VF5LT4_L6","twist_flexprep"
"P4021","/rsstu/users/r/rrellan/BZea/ZEAL/demultiplex/bc2s3_batch2/P4021_R1.fastq.gz","/rsstu/users/r/rrellan/BZea/ZEAL/demultiplex/bc2s3_batch2/P4021_R2.fastq.gz","bc2s3_batch2","V21E","V21E_WKDL260015044-1A_237VF5LT4_L6","twist_flexprep"
"P4029","/rsstu/users/r/rrellan/BZea/ZEAL/demultiplex/bc2s3_batch2/P4029_R1.fastq.gz","/rsstu/users/r/rrellan/BZea/ZEAL/demultiplex/bc2s3_batch2/P4029_R2.fastq.gz","bc2s3_batch2","V21E","V21E_WKDL260015044-1A_237VF5LT4_L6","twist_flexprep"
"P4037","/rsstu/users/r/rrellan/BZea/ZEAL/demultiplex/bc2s3_batch2/P4037_R1.fastq.gz","/rsstu/users/r/rrellan/BZea/ZEAL/demultiplex/bc2s3_batch2/P4037_R2.fastq.gz","bc2s3_batch2","V21E","V21E_WKDL260015044-1A_237VF5LT4_L6","twist_flexprep"
"P4045","/rsstu/users/r/rrellan/BZea/ZEAL/demultiplex/bc2s3_batch2/P4045_R1.fastq.gz","/rsstu/users/r/rrellan/BZea/ZEAL/demultiplex/bc2s3_batch2/P4045_R2.fastq.gz","bc2s3_batch2","V21E","V21E_WKDL260015044-1A_237VF5LT4_L6","twist_flexprep"
"P4053","/rsstu/users/r/rrellan/BZea/ZEAL/demultiplex/bc2s3_batch2/P4053_R1.fastq.gz","/rsstu/users/r/rrellan/BZea/ZEAL/demultiplex/bc2s3_batch2/P4053_R2.fastq.gz","bc2s3_batch2","V21E","V21E_WKDL260015044-1A_237VF5LT4_L6","twist_flexprep"
"P4061","/rsstu/users/r/rrellan/BZea/ZEAL/demultiplex/bc2s3_batch2/P4061_R1.fastq.gz","/rsstu/users/r/rrellan/BZea/ZEAL/demultiplex/bc2s3_batch2/P4061_R2.fastq.gz","bc2s3_batch2","V21E","V21E_WKDL260015044-1A_237VF5LT4_L6","twist_flexprep"
"P4069","/rsstu/users/r/rrellan/BZea/ZEAL/demultiplex/bc2s3_batch2/P4069_R1.fastq.gz","/rsstu/users/r/rrellan/BZea/ZEAL/demultiplex/bc2s3_batch2/P4069_R2.fastq.gz","bc2s3_batch2","V21E","V21E_WKDL260015044-1A_237VF5LT4_L6","twist_flexprep"
"P4077","/rsstu/users/r/rrellan/BZea/ZEAL/demultiplex/bc2s3_batch2/P4077_R1.fastq.gz","/rsstu/users/r/rrellan/BZea/ZEAL/demultiplex/bc2s3_batch2/P4077_R2.fastq.gz","bc2s3_batch2","V21E","V21E_WKDL260015044-1A_237VF5LT4_L6","twist_flexprep"
"P4085","/rsstu/users/r/rrellan/BZea/ZEAL/demultiplex/bc2s3_batch2/P4085_R1.fastq.gz","/rsstu/users/r/rrellan/BZea/ZEAL/demultiplex/bc2s3_batch2/P4085_R2.fastq.gz","bc2s3_batch2","V21E","V21E_WKDL260015044-1A_237VF5LT4_L6","twist_flexprep"
"P4093","/rsstu/users/r/rrellan/BZea/ZEAL/demultiplex/bc2s3_batch2/P4093_R1.fastq.gz","/rsstu/users/r/rrellan/BZea/ZEAL/demultiplex/bc2s3_batch2/P4093_R2.fastq.gz","bc2s3_batch2","V21E","V21E_WKDL260015044-1A_237VF5LT4_L6","twist_flexprep"
"P4008","/rsstu/users/r/rrellan/BZea/ZEAL/demultiplex/bc2s3_batch2/P4008_R1.fastq.gz","/rsstu/users/r/rrellan/BZea/ZEAL/demultiplex/bc2s3_batch2/P4008_R2.fastq.gz","bc2s3_batch2","V21H","V21H_WKDL260015047-1A_237VF5LT4_L6","twist_flexprep"
"P4016","/rsstu/users/r/rrellan/BZea/ZEAL/demultiplex/bc2s3_batch2/P4016_R1.fastq.gz","/rsstu/users/r/rrellan/BZea/ZEAL/demultiplex/bc2s3_batch2/P4016_R2.fastq.gz","bc2s3_batch2","V21H","V21H_WKDL260015047-1A_237VF5LT4_L6","twist_flexprep"
"P4024","/rsstu/users/r/rrellan/BZea/ZEAL/demultiplex/bc2s3_batch2/P4024_R1.fastq.gz","/rsstu/users/r/rrellan/BZea/ZEAL/demultiplex/bc2s3_batch2/P4024_R2.fastq.gz","bc2s3_batch2","V21H","V21H_WKDL260015047-1A_237VF5LT4_L6","twist_flexprep"
"P4032","/rsstu/users/r/rrellan/BZea/ZEAL/demultiplex/bc2s3_batch2/P4032_R1.fastq.gz","/rsstu/users/r/rrellan/BZea/ZEAL/demultiplex/bc2s3_batch2/P4032_R2.fastq.gz","bc2s3_batch2","V21H","V21H_WKDL260015047-1A_237VF5LT4_L6","twist_flexprep"
"P4040","/rsstu/users/r/rrellan/BZea/ZEAL/demultiplex/bc2s3_batch2/P4040_R1.fastq.gz","/rsstu/users/r/rrellan/BZea/ZEAL/demultiplex/bc2s3_batch2/P4040_R2.fastq.gz","bc2s3_batch2","V21H","V21H_WKDL260015047-1A_237VF5LT4_L6","twist_flexprep"
"P4048","/rsstu/users/r/rrellan/BZea/ZEAL/demultiplex/bc2s3_batch2/P4048_R1.fastq.gz","/rsstu/users/r/rrellan/BZea/ZEAL/demultiplex/bc2s3_batch2/P4048_R2.fastq.gz","bc2s3_batch2","V21H","V21H_WKDL260015047-1A_237VF5LT4_L6","twist_flexprep"
"P4056","/rsstu/users/r/rrellan/BZea/ZEAL/demultiplex/bc2s3_batch2/P4056_R1.fastq.gz","/rsstu/users/r/rrellan/BZea/ZEAL/demultiplex/bc2s3_batch2/P4056_R2.fastq.gz","bc2s3_batch2","V21H","V21H_WKDL260015047-1A_237VF5LT4_L6","twist_flexprep"
"P4064","/rsstu/users/r/rrellan/BZea/ZEAL/demultiplex/bc2s3_batch2/P4064_R1.fastq.gz","/rsstu/users/r/rrellan/BZea/ZEAL/demultiplex/bc2s3_batch2/P4064_R2.fastq.gz","bc2s3_batch2","V21H","V21H_WKDL260015047-1A_237VF5LT4_L6","twist_flexprep"
"P4072","/rsstu/users/r/rrellan/BZea/ZEAL/demultiplex/bc2s3_batch2/P4072_R1.fastq.gz","/rsstu/users/r/rrellan/BZea/ZEAL/demultiplex/bc2s3_batch2/P4072_R2.fastq.gz","bc2s3_batch2","V21H","V21H_WKDL260015047-1A_237VF5LT4_L6","twist_flexprep"
"P4080","/rsstu/users/r/rrellan/BZea/ZEAL/demultiplex/bc2s3_batch2/P4080_R1.fastq.gz","/rsstu/users/r/rrellan/BZea/ZEAL/demultiplex/bc2s3_batch2/P4080_R2.fastq.gz","bc2s3_batch2","V21H","V21H_WKDL260015047-1A_237VF5LT4_L6","twist_flexprep"
"P4088","/rsstu/users/r/rrellan/BZea/ZEAL/demultiplex/bc2s3_batch2/P4088_R1.fastq.gz","/rsstu/users/r/rrellan/BZea/ZEAL/demultiplex/bc2s3_batch2/P4088_R2.fastq.gz","bc2s3_batch2","V21H","V21H_WKDL260015047-1A_237VF5LT4_L6","twist_flexprep"
"P4096","/rsstu/users/r/rrellan/BZea/ZEAL/demultiplex/bc2s3_batch2/P4096_R1.fastq.gz","/rsstu/users/r/rrellan/BZea/ZEAL/demultiplex/bc2s3_batch2/P4096_R2.fastq.gz","bc2s3_batch2","V21H","V21H_WKDL260015047-1A_237VF5LT4_L6","twist_flexprep"
"P4004","/rsstu/users/r/rrellan/BZea/ZEAL/demultiplex/bc2s3_batch2/P4004_R1.fastq.gz","/rsstu/users/r/rrellan/BZea/ZEAL/demultiplex/bc2s3_batch2/P4004_R2.fastq.gz","bc2s3_batch2","V21D","V21D_WKDL260015043-1A_237VF5LT4_L6","twist_flexprep"
"P4012","/rsstu/users/r/rrellan/BZea/ZEAL/demultiplex/bc2s3_batch2/P4012_R1.fastq.gz","/rsstu/users/r/rrellan/BZea/ZEAL/demultiplex/bc2s3_batch2/P4012_R2.fastq.gz","bc2s3_batch2","V21D","V21D_WKDL260015043-1A_237VF5LT4_L6","twist_flexprep"
"P4020","/rsstu/users/r/rrellan/BZea/ZEAL/demultiplex/bc2s3_batch2/P4020_R1.fastq.gz","/rsstu/users/r/rrellan/BZea/ZEAL/demultiplex/bc2s3_batch2/P4020_R2.fastq.gz","bc2s3_batch2","V21D","V21D_WKDL260015043-1A_237VF5LT4_L6","twist_flexprep"
"P4028","/rsstu/users/r/rrellan/BZea/ZEAL/demultiplex/bc2s3_batch2/P4028_R1.fastq.gz","/rsstu/users/r/rrellan/BZea/ZEAL/demultiplex/bc2s3_batch2/P4028_R2.fastq.gz","bc2s3_batch2","V21D","V21D_WKDL260015043-1A_237VF5LT4_L6","twist_flexprep"
"P4036","/rsstu/users/r/rrellan/BZea/ZEAL/demultiplex/bc2s3_batch2/P4036_R1.fastq.gz","/rsstu/users/r/rrellan/BZea/ZEAL/demultiplex/bc2s3_batch2/P4036_R2.fastq.gz","bc2s3_batch2","V21D","V21D_WKDL260015043-1A_237VF5LT4_L6","twist_flexprep"
"P4044","/rsstu/users/r/rrellan/BZea/ZEAL/demultiplex/bc2s3_batch2/P4044_R1.fastq.gz","/rsstu/users/r/rrellan/BZea/ZEAL/demultiplex/bc2s3_batch2/P4044_R2.fastq.gz","bc2s3_batch2","V21D","V21D_WKDL260015043-1A_237VF5LT4_L6","twist_flexprep"
"P4052","/rsstu/users/r/rrellan/BZea/ZEAL/demultiplex/bc2s3_batch2/P4052_R1.fastq.gz","/rsstu/users/r/rrellan/BZea/ZEAL/demultiplex/bc2s3_batch2/P4052_R2.fastq.gz","bc2s3_batch2","V21D","V21D_WKDL260015043-1A_237VF5LT4_L6","twist_flexprep"
"P4060","/rsstu/users/r/rrellan/BZea/ZEAL/demultiplex/bc2s3_batch2/P4060_R1.fastq.gz","/rsstu/users/r/rrellan/BZea/ZEAL/demultiplex/bc2s3_batch2/P4060_R2.fastq.gz","bc2s3_batch2","V21D","V21D_WKDL260015043-1A_237VF5LT4_L6","twist_flexprep"
"P4068","/rsstu/users/r/rrellan/BZea/ZEAL/demultiplex/bc2s3_batch2/P4068_R1.fastq.gz","/rsstu/users/r/rrellan/BZea/ZEAL/demultiplex/bc2s3_batch2/P4068_R2.fastq.gz","bc2s3_batch2","V21D","V21D_WKDL260015043-1A_237VF5LT4_L6","twist_flexprep"
"P4076","/rsstu/users/r/rrellan/BZea/ZEAL/demultiplex/bc2s3_batch2/P4076_R1.fastq.gz","/rsstu/users/r/rrellan/BZea/ZEAL/demultiplex/bc2s3_batch2/P4076_R2.fastq.gz","bc2s3_batch2","V21D","V21D_WKDL260015043-1A_237VF5LT4_L6","twist_flexprep"
"P4084","/rsstu/users/r/rrellan/BZea/ZEAL/demultiplex/bc2s3_batch2/P4084_R1.fastq.gz","/rsstu/users/r/rrellan/BZea/ZEAL/demultiplex/bc2s3_batch2/P4084_R2.fastq.gz","bc2s3_batch2","V21D","V21D_WKDL260015043-1A_237VF5LT4_L6","twist_flexprep"
"P4092","/rsstu/users/r/rrellan/BZea/ZEAL/demultiplex/bc2s3_batch2/P4092_R1.fastq.gz","/rsstu/users/r/rrellan/BZea/ZEAL/demultiplex/bc2s3_batch2/P4092_R2.fastq.gz","bc2s3_batch2","V21D","V21D_WKDL260015043-1A_237VF5LT4_L6","twist_flexprep"
"P4006","/rsstu/users/r/rrellan/BZea/ZEAL/demultiplex/bc2s3_batch2/P4006_R1.fastq.gz","/rsstu/users/r/rrellan/BZea/ZEAL/demultiplex/bc2s3_batch2/P4006_R2.fastq.gz","bc2s3_batch2","V21F","V21F_WKDL260015045-1A_237VF5LT4_L6","twist_flexprep"
"P4014","/rsstu/users/r/rrellan/BZea/ZEAL/demultiplex/bc2s3_batch2/P4014_R1.fastq.gz","/rsstu/users/r/rrellan/BZea/ZEAL/demultiplex/bc2s3_batch2/P4014_R2.fastq.gz","bc2s3_batch2","V21F","V21F_WKDL260015045-1A_237VF5LT4_L6","twist_flexprep"
"P4022","/rsstu/users/r/rrellan/BZea/ZEAL/demultiplex/bc2s3_batch2/P4022_R1.fastq.gz","/rsstu/users/r/rrellan/BZea/ZEAL/demultiplex/bc2s3_batch2/P4022_R2.fastq.gz","bc2s3_batch2","V21F","V21F_WKDL260015045-1A_237VF5LT4_L6","twist_flexprep"
"P4030","/rsstu/users/r/rrellan/BZea/ZEAL/demultiplex/bc2s3_batch2/P4030_R1.fastq.gz","/rsstu/users/r/rrellan/BZea/ZEAL/demultiplex/bc2s3_batch2/P4030_R2.fastq.gz","bc2s3_batch2","V21F","V21F_WKDL260015045-1A_237VF5LT4_L6","twist_flexprep"
"P4038","/rsstu/users/r/rrellan/BZea/ZEAL/demultiplex/bc2s3_batch2/P4038_R1.fastq.gz","/rsstu/users/r/rrellan/BZea/ZEAL/demultiplex/bc2s3_batch2/P4038_R2.fastq.gz","bc2s3_batch2","V21F","V21F_WKDL260015045-1A_237VF5LT4_L6","twist_flexprep"
"P4046","/rsstu/users/r/rrellan/BZea/ZEAL/demultiplex/bc2s3_batch2/P4046_R1.fastq.gz","/rsstu/users/r/rrellan/BZea/ZEAL/demultiplex/bc2s3_batch2/P4046_R2.fastq.gz","bc2s3_batch2","V21F","V21F_WKDL260015045-1A_237VF5LT4_L6","twist_flexprep"
"P4054","/rsstu/users/r/rrellan/BZea/ZEAL/demultiplex/bc2s3_batch2/P4054_R1.fastq.gz","/rsstu/users/r/rrellan/BZea/ZEAL/demultiplex/bc2s3_batch2/P4054_R2.fastq.gz","bc2s3_batch2","V21F","V21F_WKDL260015045-1A_237VF5LT4_L6","twist_flexprep"
"P4062","/rsstu/users/r/rrellan/BZea/ZEAL/demultiplex/bc2s3_batch2/P4062_R1.fastq.gz","/rsstu/users/r/rrellan/BZea/ZEAL/demultiplex/bc2s3_batch2/P4062_R2.fastq.gz","bc2s3_batch2","V21F","V21F_WKDL260015045-1A_237VF5LT4_L6","twist_flexprep"
"P4070","/rsstu/users/r/rrellan/BZea/ZEAL/demultiplex/bc2s3_batch2/P4070_R1.fastq.gz","/rsstu/users/r/rrellan/BZea/ZEAL/demultiplex/bc2s3_batch2/P4070_R2.fastq.gz","bc2s3_batch2","V21F","V21F_WKDL260015045-1A_237VF5LT4_L6","twist_flexprep"
"P4078","/rsstu/users/r/rrellan/BZea/ZEAL/demultiplex/bc2s3_batch2/P4078_R1.fastq.gz","/rsstu/users/r/rrellan/BZea/ZEAL/demultiplex/bc2s3_batch2/P4078_R2.fastq.gz","bc2s3_batch2","V21F","V21F_WKDL260015045-1A_237VF5LT4_L6","twist_flexprep"
"P4086","/rsstu/users/r/rrellan/BZea/ZEAL/demultiplex/bc2s3_batch2/P4086_R1.fastq.gz","/rsstu/users/r/rrellan/BZea/ZEAL/demultiplex/bc2s3_batch2/P4086_R2.fastq.gz","bc2s3_batch2","V21F","V21F_WKDL260015045-1A_237VF5LT4_L6","twist_flexprep"
"P4094","/rsstu/users/r/rrellan/BZea/ZEAL/demultiplex/bc2s3_batch2/P4094_R1.fastq.gz","/rsstu/users/r/rrellan/BZea/ZEAL/demultiplex/bc2s3_batch2/P4094_R2.fastq.gz","bc2s3_batch2","V21F","V21F_WKDL260015045-1A_237VF5LT4_L6","twist_flexprep"
